Modelo,Precio,Año,Km,Combustible,Imagen,Link
"Abarth 500c 1.4 595 COMPETIZIONE 180CV 2P # BUTACA DEPORTIVA, PARKTRONIC",15350,2015,97000,Gasolina,https://autofesa.imgix.net/1152286.jpg?w=768&h=512&q=60&fm=webp,https://www.autofesa.com/coches-de-ocasion/abarth/500c/1-4-595-competizione-180cv-2p-butaca-deportiva-parktronic
Aixam S8 COUPE S8 COUPE 9CV AUTO 3P # CUERO,10450,2015,44144,Otros,https://autofesa.imgix.net/1135419.jpg?w=768&h=512&q=60&fm=webp,https://www.autofesa.com/coches-de-ocasion/aixam/s8-coupe/s8-coupe-9cv-auto-3p-cuero
"Alfa Romeo Giulia 2.2 DIESEL AUTO EXECUTIVE 150CV 4P #NAVY, PARKTRONIC,CAMARA TRASERA",17900,2019,86300,Otros,https://autofesa.imgix.net/1151161.jpg?w=768&h=512&q=60&fm=webp,https://www.autofesa.com/coches-de-ocasion/alfa-romeo/giulia/2-2-diesel-auto-executive-150cv-4p-navy-parktronic-camara-trasera
"Alfa Romeo Giulietta 2.0 JTDM 140CV 5P # CUERO,PARKTRONIC",1085010250,2013,131800,Otros,https://autofesa.imgix.net/1137088.jpg?w=768&h=512&q=60&fm=webp,https://www.autofesa.com/coches-de-ocasion/alfa-romeo/giulietta/2-0-jtdm-140cv-5p-cuero-parktronic
Alfa Romeo Giulietta GIULLIETA 1.6 JTD 105CV 5P # PARKTRONIC,7800,2015,175400,Otros,https://autofesa.imgix.net/1147763.jpg?w=768&h=512&q=60&fm=webp,https://www.autofesa.com/coches-de-ocasion/alfa-romeo/giulietta/giullieta-1-6-jtd-105cv-5p-parktronic
Alfa Romeo Mito 1.3 JTD RACEER 85CV S/S 3P,8350,2016,130900,Otros,https://autofesa.imgix.net/1136901.jpg?w=768&h=512&q=60&fm=webp,https://www.autofesa.com/coches-de-ocasion/alfa-romeo/mito/1-3-jtd-raceer-85cv-s-s-3p
"Alfa Romeo Stelvio 2.0 T 200CV Q4 AWD SUPER AUTO 5P # IVA DEDUCIBLE,NAVY,BIXENON,PARKTRONIC",2835026350,2021,66300,Gasolina,https://autofesa.imgix.net/1132152.jpg?w=768&h=512&q=60&fm=webp,https://www.autofesa.com/coches-de-ocasion/alfa-romeo/stelvio/2-0-t-200cv-q4-awd-super-auto-5p-iva-deducible-navy-bixenon-parktronic
"Alfa Romeo Stelvio 2.2 AUTO EXECUTIVE 190CV 5P #CUERO, TECHO ELECT PANORAMICO,NAVY",19750,2019,121508,Otros,https://autofesa.imgix.net/1152947.jpg?w=768&h=512&q=60&fm=webp,https://www.autofesa.com/coches-de-ocasion/alfa-romeo/stelvio/2-2-auto-executive-190cv-5p-cuero-techo-elect-panoramico-navy
Alfa Romeo Stelvio 2.2 DIESEL AUTO RWD 163cv 5P #NAVY,2075017850,2019,149987,Otros,https://autofesa.imgix.net/1081079.jpg?w=768&h=512&q=60&fm=webp,https://www.autofesa.com/coches-de-ocasion/alfa-romeo/stelvio/2-2-diesel-auto-rwd-163cv-5p-navy
"Alfa Romeo Stelvio 2.2D SPRINT AWD 190CV 5P # IVA DEDUCIBLE, NAVY, PARKTRONIC",23500,2022,50900,Otros,https://autofesa.imgix.net/1153684.jpg?w=768&h=512&q=60&fm=webp,https://www.autofesa.com/coches-de-ocasion/alfa-romeo/stelvio/2-2d-sprint-awd-190cv-5p-iva-deducible-navy-parktronic
"Alfa Romeo Tonale 1.3 MULTI AIR PHEV SPECIALE Q4 AUTO 280CV 5P # IVA DEDUCIBLE,GPS,FAROS LED",32500,2023,13500,Híbrido,https://autofesa.imgix.net/1137448.jpg?w=768&h=512&q=60&fm=webp,https://www.autofesa.com/coches-de-ocasion/alfa-romeo/tonale/1-3-multi-air-phev-speciale-q4-auto-280cv-5p-iva-deducible-gps-faros-led
"Aston Martin DBS DBS COUPE CASINO ROYALE MANUAL 6.0 V12 511CV 2P # NAVY, PARKTRONIC",149500,2008,37000,Gasolina,https://autofesa.imgix.net/1140508.jpg?w=768&h=512&q=60&fm=webp,https://www.autofesa.com/coches-de-ocasion/aston-martin/dbs/dbs-coupe-casino-royale-manual-6-0-v12-511cv-2p-navy-parktronic
Audi A1 SPORTBACK 1.4 TFSI 185cv S LINE S-TRONIC AUTO 5P # BLUETOOTH,15850,2012,112000,Gasolina,https://autofesa.imgix.net/1119643.jpg?w=768&h=512&q=60&fm=webp,https://www.autofesa.com/coches-de-ocasion/audi/a1/sportback-1-4-tfsi-185cv-s-line-s-tronic-auto-5p-bluetooth
"Audi A1 SPOTBACK 1.0 TFSI ULTRA 95CV 5P # NAVY,PARTRONIC",12950,2016,89881,Gasolina,https://autofesa.imgix.net/1135440.jpg?w=768&h=512&q=60&fm=webp,https://www.autofesa.com/coches-de-ocasion/audi/a1/spotback-1-0-tfsi-ultra-95cv-5p-navy-partronic
"Audi A3 SPORTBACK 35TFSI 150CV SPORT 5P # NAVY, PARKTRONIC",17350,2018,102300,Gasolina,https://autofesa.imgix.net/1122671.jpg?w=768&h=512&q=60&fm=webp,https://www.autofesa.com/coches-de-ocasion/audi/a3/sportback-35tfsi-150cv-sport-5p-navy-parktronic
"Audi A4 3.0 TDI ALLROAD QUATTRO DESIGN AUTO 218CV 5P #CUERO, NAVY, PARKTRONIC",22650,2016,127700,Otros,https://autofesa.imgix.net/1153977.jpg?w=768&h=512&q=60&fm=webp,https://www.autofesa.com/coches-de-ocasion/audi/a4/3-0-tdi-allroad-quattro-design-auto-218cv-5p-cuero-navy-parktronic
"Audi A4 AVANT 2.0TDI AUTO 190cv 5P # NAVY, PARKTRONIC",2165019950,2018,100800,Otros,https://autofesa.imgix.net/1098646.jpg?w=768&h=512&q=60&fm=webp,https://www.autofesa.com/coches-de-ocasion/audi/a4/avant-2-0tdi-auto-190cv-5p-navy-parktronic
"Audi A5 Cabrio 2.0 TFSI MHEV 190cv S-Tronic S-Line 2P S/S # NAVY, FAROS LED, PARKTRONIC",3465029900,2018,27600,Híbrido,https://autofesa.imgix.net/1037190.jpg?w=768&h=512&q=60&fm=webp,https://www.autofesa.com/coches-de-ocasion/audi/a5/cabrio-2-0-tfsi-mhev-190cv-s-tronic-s-line-2p-s-s-navy-faros-led-parktronic
"Audi A5 COUPE 2.0 TFSI 40 190CV S-LINE AUTO 4P S/S # TECHO, NAVY, PARKTRONIC",2735025500,2017,85000,Gasolina,https://autofesa.imgix.net/1135784.jpg?w=768&h=512&q=60&fm=webp,https://www.autofesa.com/coches-de-ocasion/audi/a5/coupe-2-0-tfsi-40-190cv-s-line-auto-4p-s-s-techo-navy-parktronic
"Audi A5 COUPE 2.0TDI 190CV S-LINE 2P S/S # NAVY, FAROS LED",2545023950,2017,87400,Otros,https://autofesa.imgix.net/1141833.jpg?w=768&h=512&q=60&fm=webp,https://www.autofesa.com/coches-de-ocasion/audi/a5/coupe-2-0tdi-190cv-s-line-2p-s-s-navy-faros-led
"Audi A5 SPORTBACK 35 TDI SLINE AUTO 5P # NAVY,FAROS LED,PARKTRONIC",3185028850,2019,40403,Otros,https://autofesa.imgix.net/1126368.jpg?w=768&h=512&q=60&fm=webp,https://www.autofesa.com/coches-de-ocasion/audi/a5/sportback-35-tdi-sline-auto-5p-navy-faros-led-parktronic
"Audi A6 3.0 QUATTRO 290CV AUTO 4X4 4P # NAVY, CUERO",1145010950,2009,202500,Gasolina,https://autofesa.imgix.net/1126310.jpg?w=768&h=512&q=60&fm=webp,https://www.autofesa.com/coches-de-ocasion/audi/a6/3-0-quattro-290cv-auto-4x4-4p-navy-cuero
"Audi A6 3.0TDI AUTO QUATTRO 180CV 4P #CUERO, TECHO ELECTRICO",8350,2007,192350,Otros,https://autofesa.imgix.net/1152490.jpg?w=768&h=512&q=60&fm=webp,https://www.autofesa.com/coches-de-ocasion/audi/a6/3-0tdi-auto-quattro-180cv-4p-cuero-techo-electrico
"Audi A6 40 TDI Quattro Design S-Tronic Hybrid 204cv 4P # IVA DEDUCIBLE,GPS, PARKTRONIC",3350026950,2020,106600,Otros,https://autofesa.imgix.net/1053266.jpg?w=768&h=512&q=60&fm=webp,https://www.autofesa.com/coches-de-ocasion/audi/a6/40-tdi-quattro-design-s-tronic-hybrid-204cv-4p-iva-deducible-gps-parktronic
"Audi A6 50 TFSIe QUATTRO SPORT AUTO 299CV 4P # IVA DEDUCIBLE, CUERO, NAVY, PARKTRONIC",33350,2021,75000,Híbrido,https://autofesa.imgix.net/1151967.jpg?w=768&h=512&q=60&fm=webp,https://www.autofesa.com/coches-de-ocasion/audi/a6/50-tfsie-quattro-sport-auto-299cv-4p-iva-deducible-cuero-navy-parktronic
"Audi A6 AVANT 3.0 BIDTI QUATTRO AUTO 313CV 5P # CUERO.NAVY,BIXENON",17450,2012,162400,Otros,https://autofesa.imgix.net/1154136.jpg?w=768&h=512&q=60&fm=webp,https://www.autofesa.com/coches-de-ocasion/audi/a6/avant-3-0-bidti-quattro-auto-313cv-5p-cuero-navy-bixenon
"Audi A6 AVANT 3.0 TDI S-Line Quattro 240cv Auto 5P # NAVY, CUERO, BIXENON",119908900,2010,304500,Otros,https://autofesa.imgix.net/996315.jpg?w=768&h=512&q=60&fm=webp,https://www.autofesa.com/coches-de-ocasion/audi/a6/avant-3-0-tdi-s-line-quattro-240cv-auto-5p-navy-cuero-bixenon
"Audi Q2 1.4 TFSI S-LINE 150CV 5P # NAVY,FAROS LED,PARKTRONIC",1975018250,2018,139100,Gasolina,https://autofesa.imgix.net/1139568.jpg?w=768&h=512&q=60&fm=webp,https://www.autofesa.com/coches-de-ocasion/audi/q2-1-4-tfsi-s-line-150cv-5p-navy-faros-led-parktronic/1-4-tfsi-s-line-150cv-5p-navy-faros-led-parktronic
"Audi Q2 30 TFSI DESIGN 115CV 5P S/S # IVA DEDUCIBLE, PARKTRONIC",2185020350,2019,48400,Gasolina,https://autofesa.imgix.net/1139882.jpg?w=768&h=512&q=60&fm=webp,https://www.autofesa.com/coches-de-ocasion/audi/q2/30-tfsi-design-115cv-5p-s-s-iva-deducible-parktronic
"Audi Q3 2.0 TDI 150CV S-LINE 5P # NAVY,FAROS PARKTRONIC",1935017990,2016,122815,Otros,https://autofesa.imgix.net/1147813.jpg?w=768&h=512&q=60&fm=webp,https://www.autofesa.com/coches-de-ocasion/audi/q3/2-0-tdi-150cv-s-line-5p-navy-faros-parktronic
"Audi Q3 2.0 TDI S-TRONIC QUATTRO S-LINE AUTO 184cv 5P # TECHO ELEC PANORAMICO, NAVY",2290017950,2016,129606,Otros,https://autofesa.imgix.net/1086983.jpg?w=768&h=512&q=60&fm=webp,https://www.autofesa.com/coches-de-ocasion/audi/q3/2-0-tdi-s-tronic-quattro-s-line-auto-184cv-5p-techo-elec-panoramico-navy
"Audi Q3 SPORTBACK 45 TFSIE S-TRONIC ADVANCED 245CV AUTO 5P # GARANTIA FAB 08/2026, IVA DEDUCIBLE, NAVY",37850,2023,23000,Híbrido,https://autofesa.imgix.net/1135562.jpg?w=768&h=512&q=60&fm=webp,https://www.autofesa.com/coches-de-ocasion/audi/q3/sportback-45-tfsie-s-tronic-advanced-245cv-auto-5p-garantia-fab-08-2026-iva-deducible-navy
"Audi Q5 2.0 TDI 150CV SPORT 4x2 5P # NAVY,BIXENON,PARKTRONIC",21250,2018,134000,Otros,https://autofesa.imgix.net/1149558.jpg?w=768&h=512&q=60&fm=webp,https://www.autofesa.com/coches-de-ocasion/audi/q5/2-0-tdi-150cv-sport-4x2-5p-navy-bixenon-parktronic
"Audi Q5 S-LINE 55TFSI 299CV QUATTRO S TRONIC AUTO 5P # IVA DEDUCIBLE, NAVY, FAROS LED",33900,2019,65300,Híbrido,https://autofesa.imgix.net/1142304.jpg?w=768&h=512&q=60&fm=webp,https://www.autofesa.com/coches-de-ocasion/audi/q5/s-line-55tfsi-299cv-quattro-s-tronic-auto-5p-iva-deducible-navy-faros-led
"Audi Q5 SPORTBACK 40 TDI HYBRID QUATTRO AUTO 204CV 5P #IVA DEDUCIBLE,NAVY,CAMARA TRASERA,PARKTRONIC",34850,2021,103095,Híbrido,https://autofesa.imgix.net/1150343.jpg?w=768&h=512&q=60&fm=webp,https://www.autofesa.com/coches-de-ocasion/audi/q5/sportback-40-tdi-hybrid-quattro-auto-204cv-5p-iva-deducible-navy-camara-trasera-parktronic
"Audi Q7 3.0 HEV 50TDI S-LINE QUATTRO AUTO 7 PLAZAS 286CV 5P # IVA DEDUCIBLE, CUERO, NAVY",59500,2021,44800,Híbrido,https://autofesa.imgix.net/1154026.jpg?w=768&h=512&q=60&fm=webp,https://www.autofesa.com/coches-de-ocasion/audi/q7/3-0-hev-50tdi-s-line-quattro-auto-7-plazas-286cv-5p-iva-deducible-cuero-navy
"Audi Tt 2.0 TDI ROADSTER S-LINE 183cv 2P # NAVY,BIXENON",2485022900,2016,139300,Otros,https://autofesa.imgix.net/1099107.jpg?w=768&h=512&q=60&fm=webp,https://www.autofesa.com/coches-de-ocasion/audi/tt/2-0-tdi-roadster-s-line-183cv-2p-navy-bixenon
"Bentley Continental GT 4.0 V8 Convertible Cabrio 549cv Auto 2P 4WD S/S # NAVY, CUERO",229500219850,2020,38000,Gasolina,https://autofesa.imgix.net/1043219.jpg?w=768&h=512&q=60&fm=webp,https://www.autofesa.com/coches-de-ocasion/bentley/continental-gt/4-0-v8-convertible-cabrio-549cv-auto-2p-4wd-s-s-navy-cuero
BMW 114 SERIE 1 114D 95CV 5P # PARKTRONIC,1335012950,2017,125077,Otros,https://autofesa.imgix.net/1138472.jpg?w=768&h=512&q=60&fm=webp,https://www.autofesa.com/coches-de-ocasion/bmw/114/serie-1-114d-95cv-5p-parktronic
"BMW 114 SERIE 1 114D 95CV URBAN 3P # NAVY,PARKTORNIC,LIBRO REVISION",10850,2013,109000,Otros,https://autofesa.imgix.net/1147682.jpg?w=768&h=512&q=60&fm=webp,https://www.autofesa.com/coches-de-ocasion/bmw/114/serie-1-114d-95cv-urban-3p-navy-parktornic-libro-revision
"BMW 116 SERIE 1 116 D PACK M 116CV 5P # NAVY,FAROS LED,CAMARA TRASERA",19350,2020,78600,Otros,https://autofesa.imgix.net/1149615.jpg?w=768&h=512&q=60&fm=webp,https://www.autofesa.com/coches-de-ocasion/bmw/116/serie-1-116-d-pack-m-116cv-5p-navy-faros-led-camara-trasera
"BMW 118 SERIE 1 118D AUTO CABRIO 143CV 2P # CUERO,BIXENON,NAVY",11850,2013,181100,Otros,https://autofesa.imgix.net/1145492.jpg?w=768&h=512&q=60&fm=webp,https://www.autofesa.com/coches-de-ocasion/bmw/118/serie-1-118d-auto-cabrio-143cv-2p-cuero-bixenon-navy
"BMW 218 SERIE 2 218D GRAN COUPE 150CV AUTO PACK M 4P S/S # NAVY, PARKTRONIC, FAROS LED",2835026350,2021,48700,Otros,https://autofesa.imgix.net/1138245.jpg?w=768&h=512&q=60&fm=webp,https://www.autofesa.com/coches-de-ocasion/bmw/218/serie-2-218d-gran-coupe-150cv-auto-pack-m-4p-s-s-navy-parktronic-faros-led
"BMW 220 SERIE 2 220i CABRIOLET AUTO PACK M 184CV 2P #NAVY,FAROS LED,PARKTRONIC",2745025850,2019,69100,Gasolina,https://autofesa.imgix.net/1139403.jpg?w=768&h=512&q=60&fm=webp,https://www.autofesa.com/coches-de-ocasion/bmw/220-1/serie-2-220i-cabriolet-auto-pack-m-184cv-2p-navy-faros-led-parktronic
"BMW 225 SERIE 2 225XE iPERFORMANCE PHEV AUTO 136CV 5P # NAVY, PARKTRONIC",15450,2019,101000,Híbrido,https://autofesa.imgix.net/1153163.jpg?w=768&h=512&q=60&fm=webp,https://www.autofesa.com/coches-de-ocasion/bmw/225/serie-2-225xe-iperformance-phev-auto-136cv-5p-navy-parktronic
"BMW 225 SERIE 225E ACTIVE TOURER M-SPORT AUTO X-DRIVE 245CV 5P # IVA DEDUCIBLE,NAVY",3445028950,2022,43600,Híbrido,https://autofesa.imgix.net/1076603.jpg?w=768&h=512&q=60&fm=webp,https://www.autofesa.com/coches-de-ocasion/bmw/225/serie-225e-active-tourer-m-sport-auto-x-drive-245cv-5p-iva-deducible-navy
"BMW 318 2.0 TOURING AUTO 143cv 5P # TECHO ELEC PANORAMICO, NAVY, CUERO",1365011950,2013,182800,Otros,https://autofesa.imgix.net/1085611.jpg?w=768&h=512&q=60&fm=webp,https://www.autofesa.com/coches-de-ocasion/bmw/318/2-0-touring-auto-143cv-5p-techo-elec-panoramico-navy-cuero
BMW 318 I CABRIO 112CV 2P PLACA HISTORICA # CUERO,1285012350,1990,196800,Gasolina,https://autofesa.imgix.net/1140932.jpg?w=768&h=512&q=60&fm=webp,https://www.autofesa.com/coches-de-ocasion/bmw/318/i-cabrio-112cv-2p-placa-historica-cuero
"BMW 318 SERIE 3 318 DA 143CV AUTO 4P # NAVY,PARKTRONIC,",12650,2014,179000,Otros,https://autofesa.imgix.net/1149461.jpg?w=768&h=512&q=60&fm=webp,https://www.autofesa.com/coches-de-ocasion/bmw/318/serie-3-318-da-143cv-auto-4p-navy-parktronic
"BMW 320 SERIE 3 320D AUTO 184CV 4P # CUERO,NAVY,BIXENON,PARKTRONIC",16850,2014,90600,Otros,https://autofesa.imgix.net/1154240.jpg?w=768&h=512&q=60&fm=webp,https://www.autofesa.com/coches-de-ocasion/bmw/320/serie-3-320d-auto-184cv-4p-cuero-navy-bixenon-parktronic
"BMW 320 SERIE 3 320e Touring M-Sport Auto Hibrido Enchufable 204cv 5P # NUEVO A ESTRENAR,GARANTIA FAB 01/2025,NAVY,FAROS LED",4890042500,2023,276,Híbrido,https://autofesa.imgix.net/1038839.jpg?w=768&h=512&q=60&fm=webp,https://www.autofesa.com/coches-de-ocasion/bmw/320/serie-3-320e-touring-m-sport-auto-hibrido-enchufable-204cv-5p-nuevo-a-estrenar-garantia-fab-01-2025-navy-faros-led
"BMW 330 330E E-DRIVE PACK SPORT 252CV AUTO 4P # NAVY, CUERO",18950,2017,103931,Híbrido,https://autofesa.imgix.net/1115330.jpg?w=768&h=512&q=60&fm=webp,https://www.autofesa.com/coches-de-ocasion/bmw/330/330e-e-drive-pack-sport-252cv-auto-4p-navy-cuero
"BMW 330 SERIE 3 330E HIBRIDO ENCHUFABLE AUTO 292CV 4P # IVA DEDUCIBLE,NAVY,",2885026850,2021,80124,Híbrido,https://autofesa.imgix.net/1142376.jpg?w=768&h=512&q=60&fm=webp,https://www.autofesa.com/coches-de-ocasion/bmw/330/serie-3-330e-hibrido-enchufable-auto-292cv-4p-iva-deducible-navy
"BMW 420 D COUPE XDRIVE 184CV 2P # PARKTRONIC, BLUETOOTH",18450,2014,125600,Otros,https://autofesa.imgix.net/1143652.jpg?w=768&h=512&q=60&fm=webp,https://www.autofesa.com/coches-de-ocasion/bmw/420-1/d-coupe-xdrive-184cv-2p-parktronic-bluetooth
"BMW 420 SERIE 420D CABRIO AUTO PACK M # CUERO,NAVY,BIXENON",21850,2017,211000,Otros,https://autofesa.imgix.net/1147028.jpg?w=768&h=512&q=60&fm=webp,https://www.autofesa.com/coches-de-ocasion/bmw/420-1/serie-420d-cabrio-auto-pack-m-cuero-navy-bixenon
"BMW 420i SERIE 4 420i CABRIO M-SPORT 184CV 2P # CUERO, NAVY, PARKTRONIC",25650,2017,66063,Gasolina,https://autofesa.imgix.net/1153883.jpg?w=768&h=512&q=60&fm=webp,https://www.autofesa.com/coches-de-ocasion/bmw/420i/serie-4-420i-cabrio-m-sport-184cv-2p-cuero-navy-parktronic
"BMW 428I COUPE 2.0 245CV MODERN AUTO 2P S/S # NAVY, PARKTRONIC",2185021350,2014,108200,Gasolina,https://autofesa.imgix.net/1140459.jpg?w=768&h=512&q=60&fm=webp,https://www.autofesa.com/coches-de-ocasion/bmw/428i-coupe-2-0-245cv-modern-auto-2p-s-s-navy-parktronic/coupe-2-0-245cv-modern-auto-2p-s-s-navy-parktronic
"BMW 430I 430I GRAN COUPE 430I 252CV 5P LUXURY AUTO S/S #, NAVY, CUERO, CAMARA",2295021350,2017,126000,Gasolina,https://autofesa.imgix.net/1144255.jpg?w=768&h=512&q=60&fm=webp,https://www.autofesa.com/coches-de-ocasion/bmw/430i/430i-gran-coupe-430i-252cv-5p-luxury-auto-s-s-navy-cuero-camara
"BMW 520 520D AUTO 190CV 4P #CUERO,NAVY, PARKTRONIC",18380,2015,131552,Otros,https://autofesa.imgix.net/1153406.jpg?w=768&h=512&q=60&fm=webp,https://www.autofesa.com/coches-de-ocasion/bmw/520/520d-auto-190cv-4p-cuero-navy-parktronic
"BMW 520 SERIE 5 520 D TOURING AUTO 190CV 5P # TECHO ELEC PANORAMICO,CUERO,NAVY",18350,2016,152500,Otros,https://autofesa.imgix.net/1152235.jpg?w=768&h=512&q=60&fm=webp,https://www.autofesa.com/coches-de-ocasion/bmw/520/serie-5-520-d-touring-auto-190cv-5p-techo-elec-panoramico-cuero-navy
"BMW 530 2.0 iPERFORMANCE AUTO 252cv 4P # IVA DEDUCIBLE, NAVY, CUERO",2850025900,2019,88100,Híbrido,https://autofesa.imgix.net/1084648.jpg?w=768&h=512&q=60&fm=webp,https://www.autofesa.com/coches-de-ocasion/bmw/530/2-0-iperformance-auto-252cv-4p-iva-deducible-navy-cuero
"BMW 540 SERIE 5 540I LUXURY 340cv AUTO 4P # NAVY, CUERO",3650032850,2018,69300,Gasolina,https://autofesa.imgix.net/1111519.jpg?w=768&h=512&q=60&fm=webp,https://www.autofesa.com/coches-de-ocasion/bmw/540/serie-5-540i-luxury-340cv-auto-4p-navy-cuero
BMW I3 Electric 170cv 120ah 5p Aut.,2285018950,2019,17100,Otros,https://autofesa.imgix.net/899246.jpg?w=768&h=512&q=60&fm=webp,https://www.autofesa.com/coches-de-ocasion/bmw/i3/electric-170cv-120ah-5p-aut
"BMW I8 Roadster Híbrido Enchufable 367cv Auto 2P # CUERO, NAVY, FAROS LED",9850089900,2020,28600,Híbrido,https://autofesa.imgix.net/977331.jpg?w=768&h=512&q=60&fm=webp,https://www.autofesa.com/coches-de-ocasion/bmw/i8/roadster-hibrido-enchufable-367cv-auto-2p-cuero-navy-faros-led
"BMW M850 SERIE 8 M850I Coupe XDrive Pack M Auto 530cv 2P # CUERO,NAVY,PACK CARBONO,CAMARA",8300062000,2019,61300,Gasolina,https://autofesa.imgix.net/943489.jpg?w=768&h=512&q=60&fm=webp,https://www.autofesa.com/coches-de-ocasion/bmw/m850/serie-8-m850i-coupe-xdrive-pack-m-auto-530cv-2p-cuero-navy-pack-carbono-camara
"BMW X1 18D XDRIVE XLINE AUTO 150CV 5P # IVA DEDUCIBLE,NAVY,CUERO,PARKTRONIC",23850,2018,68952,Otros,https://autofesa.imgix.net/1145042.jpg?w=768&h=512&q=60&fm=webp,https://www.autofesa.com/coches-de-ocasion/bmw/x1/18d-xdrive-xline-auto-150cv-5p-iva-deducible-navy-cuero-parktronic
"BMW X2 18I SDRIVE AUTO 140CV 5P # IVA DEDUCIBLE, TECHO ELEC, NAVY,PARKTRONIC",27650,2021,18985,Gasolina,https://autofesa.imgix.net/1153092.jpg?w=768&h=512&q=60&fm=webp,https://www.autofesa.com/coches-de-ocasion/bmw/x2/18i-sdrive-auto-140cv-5p-iva-deducible-techo-elec-navy-parktronic
"BMW X2 M35I XDRIVE 306CV AUTO 5P # IVA DEDUCIBLE, NAVY, CUERO",35450,2021,62300,Gasolina,https://autofesa.imgix.net/1124304.jpg?w=768&h=512&q=60&fm=webp,https://www.autofesa.com/coches-de-ocasion/bmw/x2/m35i-xdrive-306cv-auto-5p-iva-deducible-navy-cuero
"BMW X2 SDRIVE 18I 140CV AUTO 5P S/S # IVA DEDUCIBLE, TECHO ELE PANORAMICO, NAVY, FAROS LED",2335021850,2020,73800,Gasolina,https://autofesa.imgix.net/1143678.jpg?w=768&h=512&q=60&fm=webp,https://www.autofesa.com/coches-de-ocasion/bmw/x2/sdrive-18i-140cv-auto-5p-s-s-iva-deducible-techo-ele-panoramico-navy-faros-led
"BMW X2 SDRIVE 18I AUTO 140CV 5P #IVA DEDUCIBLE,TECHO PANORAMICO ELE,NAVY,FAROS LED",24750,2020,39000,Gasolina,https://autofesa.imgix.net/1143362.jpg?w=768&h=512&q=60&fm=webp,https://www.autofesa.com/coches-de-ocasion/bmw/x2/sdrive-18i-auto-140cv-5p-iva-deducible-techo-panoramico-ele-navy-faros-led
"BMW X3 35D XDRIVE M SPORT AUTO 313CV 5P # TECHO PANORAMICO ELE,CUERO,NAVY",23950,2016,129837,Otros,https://autofesa.imgix.net/1144980.jpg?w=768&h=512&q=60&fm=webp,https://www.autofesa.com/coches-de-ocasion/bmw/x3/35d-xdrive-m-sport-auto-313cv-5p-techo-panoramico-ele-cuero-navy
"BMW X4 XDRIVE 20D M SPORT AUTO 190CV 5P # CUERO,NAVY,PARKTRONIC",23850,2016,139112,Otros,https://autofesa.imgix.net/1149642.jpg?w=768&h=512&q=60&fm=webp,https://www.autofesa.com/coches-de-ocasion/bmw/x4/xdrive-20d-m-sport-auto-190cv-5p-cuero-navy-parktronic
"BMW X4 XDRIVE 20D XLINE 190CV AUTO 5P # NAVY,CUERO,BIXENON,",20900,2015,166121,Otros,https://autofesa.imgix.net/1148055.jpg?w=768&h=512&q=60&fm=webp,https://www.autofesa.com/coches-de-ocasion/bmw/x4/xdrive-20d-xline-190cv-auto-5p-navy-cuero-bixenon
"BMW X5 2.0 EDRIVE XDRIVE40E E.I PERFORMANCE 245CV M AUTO 5P # BOLA, NAVY, CUERO",3285030850,2017,95900,Híbrido,https://autofesa.imgix.net/1109559.jpg?w=768&h=512&q=60&fm=webp,https://www.autofesa.com/coches-de-ocasion/bmw/x5/2-0-edrive-xdrive40e-e-i-performance-245cv-m-auto-5p-bola-navy-cuero
"BMW X7 M50i AUTO 530cv Individual 7 PLAZAS 5P # IVA DEDUCIBLE, TECHO ELE PANORAMICO DOBLE, NAVY, CUERO BOLA",8350076000,2021,60300,Gasolina,https://autofesa.imgix.net/1104093.jpg?w=768&h=512&q=60&fm=webp,https://www.autofesa.com/coches-de-ocasion/bmw/x7/m50i-auto-530cv-individual-7-plazas-5p-iva-deducible-techo-ele-panoramico-doble-navy-cuero-bola
"Chevrolet Captiva 2.2CDTI 163CV 7 PLAZAS 5P # NAVY, PARKTRONIC",8650,2013,157000,Otros,https://autofesa.imgix.net/1152874.jpg?w=768&h=512&q=60&fm=webp,https://www.autofesa.com/coches-de-ocasion/chevrolet/captiva/2-2cdti-163cv-7-plazas-5p-navy-parktronic
Chevrolet Cruze 1.6 LT 124CV 5P #PARKTRONIC,6450,2012,135000,Gasolina,https://autofesa.imgix.net/1153234.jpg?w=768&h=512&q=60&fm=webp,https://www.autofesa.com/coches-de-ocasion/chevrolet/cruze/1-6-lt-124cv-5p-parktronic
Chevrolet Cruze 2.0 VCDI LT 163CV 5P # PARKTRONIC,82507950,2012,116500,Otros,https://autofesa.imgix.net/1123044.jpg?w=768&h=512&q=60&fm=webp,https://www.autofesa.com/coches-de-ocasion/chevrolet/cruze/2-0-vcdi-lt-163cv-5p-parktronic
"Chevrolet Cruze SW 2.0 VCDI LTZ 163CV 5P # NAVY,PARKTRONIC",6750,2013,130300,Otros,https://autofesa.imgix.net/1154272.jpg?w=768&h=512&q=60&fm=webp,https://www.autofesa.com/coches-de-ocasion/chevrolet/cruze/sw-2-0-vcdi-ltz-163cv-5p-navy-parktronic
Chevrolet Trax LT 1.7 VCDI FWD 130CV AUTO 5P # BLUETOOTH,10350,2013,61200,Otros,https://autofesa.imgix.net/1130204.jpg?w=768&h=512&q=60&fm=webp,https://www.autofesa.com/coches-de-ocasion/chevrolet/trax/lt-1-7-vcdi-fwd-130cv-auto-5p-bluetooth
Citroen Berlingo 1.2 TALLA M SHINE 130cv AUTO 5P # NAVY,1890016850,2020,71900,Gasolina,https://autofesa.imgix.net/1121593.jpg?w=768&h=512&q=60&fm=webp,https://www.autofesa.com/coches-de-ocasion/citroen/berlingo/1-2-talla-m-shine-130cv-auto-5p-navy
Citroen Berlingo Electric Furgo 67cv Auto 3P # IVA DEDUCIBLE,159509400,2017,54100,Otros,https://autofesa.imgix.net/948425.jpg?w=768&h=512&q=60&fm=webp,https://www.autofesa.com/coches-de-ocasion/citroen/berlingo/electric-furgo-67cv-auto-3p-iva-deducible
Citroen Berlingo ELECTRICO MULTISPACE TALLA M FEEL 67CV AUTO 5P # NAVY,11450,2018,62700,Otros,https://autofesa.imgix.net/1137614.jpg?w=768&h=512&q=60&fm=webp,https://www.autofesa.com/coches-de-ocasion/citroen/berlingo/electrico-multispace-talla-m-feel-67cv-auto-5p-navy
"Citroen Berlingo MULTISPACE 1.2 110CV XTR PLUS 5P # PARKTRONIC,CAMARA TRASERA",11850,2017,97837,Gasolina,https://autofesa.imgix.net/1148782.jpg?w=768&h=512&q=60&fm=webp,https://www.autofesa.com/coches-de-ocasion/citroen/berlingo/multispace-1-2-110cv-xtr-plus-5p-parktronic-camara-trasera
"Citroen Berlingo TALLA M 1.2i FEEL 110CV 5P # NAVY,PARKTRONIC,CAMARA TRASERA",14750,2019,58200,Gasolina,https://autofesa.imgix.net/1147284.jpg?w=768&h=512&q=60&fm=webp,https://www.autofesa.com/coches-de-ocasion/citroen/berlingo/talla-m-1-2i-feel-110cv-5p-navy-parktronic-camara-trasera
"Citroen Berlingo TALLA XL 1.5 BLUEHDI 100cv SHINE 7 PLAZAS 5P # IVA DEDUCIBLE, NAVY",1945017450,2021,115600,Otros,https://autofesa.imgix.net/1114566.jpg?w=768&h=512&q=60&fm=webp,https://www.autofesa.com/coches-de-ocasion/citroen/berlingo/talla-xl-1-5-bluehdi-100cv-shine-7-plazas-5p-iva-deducible-navy-1
"Citroen Berlingo TALLA XL 1.5 BLUEHDI XTR SHINE 7 PLAZAS 130CV 5P # NAVY,PARKTRONIC",21350,2022,62011,Otros,https://autofesa.imgix.net/1151606.jpg?w=768&h=512&q=60&fm=webp,https://www.autofesa.com/coches-de-ocasion/citroen/berlingo/talla-xl-1-5-bluehdi-xtr-shine-7-plazas-130cv-5p-navy-parktronic
"Citroen C3 1.2 110 AUTO JCC PLUS 5P #NAVY,PARKTRONIC,CAMARA TRASER",1295011950,2019,45947,Gasolina,https://autofesa.imgix.net/1142593.jpg?w=768&h=512&q=60&fm=webp,https://www.autofesa.com/coches-de-ocasion/citroen/c3-1-2-110-auto-jcc-plus-5p-navy-parktronic-camara-traser/1-2-110-auto-jcc-plus-5p-navy-parktronic-camara-traser
"Citroen C3 1.2 PURETECH FEEL 110CV 5P # IVA DEDUCIBLE,",97509500,2019,47270,Gasolina,https://autofesa.imgix.net/1138870.jpg?w=768&h=512&q=60&fm=webp,https://www.autofesa.com/coches-de-ocasion/citroen/c3/1-2-puretech-feel-110cv-5p-iva-deducible
"Citroen C3 Aircross 1.2 110CV SHINE 5P # NAVY,PARKTRONIC",9750,2018,66625,Gasolina,https://autofesa.imgix.net/1141155.jpg?w=768&h=512&q=60&fm=webp,https://www.autofesa.com/coches-de-ocasion/citroen/c3-aircross/1-2-110cv-shine-5p-navy-parktronic
"Citroen C3 Aircross 1.2 110CV SHINE 5P # TECHO ELE PANORAMICO, NAVY",10350,2018,80700,Gasolina,https://autofesa.imgix.net/1129099.jpg?w=768&h=512&q=60&fm=webp,https://www.autofesa.com/coches-de-ocasion/citroen/c3-aircross/1-2-110cv-shine-5p-techo-ele-panoramico-navy
Citroen C3 Aircross 1.2 130CV AUTO SHINE 5P # NAVY,1585014250,2021,19100,Gasolina,https://autofesa.imgix.net/1125189.jpg?w=768&h=512&q=60&fm=webp,https://www.autofesa.com/coches-de-ocasion/citroen/c3-aircross/1-2-130cv-auto-shine-5p-navy
"Citroen C3 Aircross 1.2 PURETECH SHINE 110CV # TECHO PANORAMICO ELE,NAVY,",9750,2018,76700,Gasolina,https://autofesa.imgix.net/1145689.jpg?w=768&h=512&q=60&fm=webp,https://www.autofesa.com/coches-de-ocasion/citroen/c3-aircross/1-2-puretech-shine-110cv-techo-panoramico-ele-navy
"Citroen C3 Aircross 1.2I 130CV SHINE 5P # GPS,CAMARA TRASERA,PARKTRONIC,",10450,2018,57562,Gasolina,https://autofesa.imgix.net/1138497.jpg?w=768&h=512&q=60&fm=webp,https://www.autofesa.com/coches-de-ocasion/citroen/c3-aircross/1-2i-130cv-shine-5p-gps-camara-trasera-parktronic
"Citroen C3 AIRCROSS 1.5 HDI 120CV SHINE AUTO # NAVY,PARKTRONIC,CAMARA TRASERA",1145010450,2019,141100,Otros,https://autofesa.imgix.net/1143062.jpg?w=768&h=512&q=60&fm=webp,https://www.autofesa.com/coches-de-ocasion/citroen/c3-aircross-1-5-hdi-120cv-shine-auto-navy-parktronic-camara-trasera/1-5-hdi-120cv-shine-auto-navy-parktronic-camara-trasera
"Citroen C3 Aircross 1.5HDI 100CV SHINE BUSINESS 5P # NAVY, PARKTRONIC",1250010950,2020,98500,Otros,https://autofesa.imgix.net/1135807.jpg?w=768&h=512&q=60&fm=webp,https://www.autofesa.com/coches-de-ocasion/citroen/c3-aircross/1-5hdi-100cv-shine-business-5p-navy-parktronic
Citroen C3 Aircross PURETECH 1.2 110CV FEEL 5P # PARKTRONIC,107509900,2017,36594,Gasolina,https://autofesa.imgix.net/1124949.jpg?w=768&h=512&q=60&fm=webp,https://www.autofesa.com/coches-de-ocasion/citroen/c3-aircross/puretech-1-2-110cv-feel-5p-parktronic
Citroen C3 Picasso 1.2 FEEL EDITION 110cv 5p # PARKTRONIC,6450,2015,110592,Gasolina,https://autofesa.imgix.net/1148417.jpg?w=768&h=512&q=60&fm=webp,https://www.autofesa.com/coches-de-ocasion/citroen/c3-picasso/1-2-feel-edition-110cv-5p-parktronic
Citroen C3 Picasso 1.4 VTI 95 CONFORT 5P,69006650,2010,56700,Gasolina,https://autofesa.imgix.net/1146805.jpg?w=768&h=512&q=60&fm=webp,https://www.autofesa.com/coches-de-ocasion/citroen/c3-picasso/1-4-vti-95-confort-5p
Citroen C3 Picasso 1.6 HDI 90CV FEEL EDITION 5P # PARKTRONIC,89508650,2015,103406,Otros,https://autofesa.imgix.net/1136412.jpg?w=768&h=512&q=60&fm=webp,https://www.autofesa.com/coches-de-ocasion/citroen/c3-picasso/1-6-hdi-90cv-feel-edition-5p-parktronic
Citroen C3 Picasso 1.6 HDI COLLECTION 92CV 5P,65006250,2014,150800,Otros,https://autofesa.imgix.net/1145171.jpg?w=768&h=512&q=60&fm=webp,https://www.autofesa.com/coches-de-ocasion/citroen/c3-picasso/1-6-hdi-collection-92cv-5p
"Citroen C4 1.2 AUTO MILLENIUM 130CV 5P # NAVY, PARKTRONIC",10350,2016,31507,Gasolina,https://autofesa.imgix.net/1153139.jpg?w=768&h=512&q=60&fm=webp,https://www.autofesa.com/coches-de-ocasion/citroen/c4/1-2-auto-millenium-130cv-5p-navy-parktronic
Citroen C4 1.2 FEEL EDITION 110cv 5P # NAVY,103508950,2017,54200,Gasolina,https://autofesa.imgix.net/1106981.jpg?w=768&h=512&q=60&fm=webp,https://www.autofesa.com/coches-de-ocasion/citroen/c4/1-2-feel-edition-110cv-5p-navy
"Citroen C4 1.2 PURETECH FEEL 100CV 5P # NAVY,PARKTRONIC",12750,2021,38560,Gasolina,https://autofesa.imgix.net/1151488.jpg?w=768&h=512&q=60&fm=webp,https://www.autofesa.com/coches-de-ocasion/citroen/c4/1-2-puretech-feel-100cv-5p-navy-parktronic
"Citroen C4 1.2 PURETECH SHINE 130CV 5P # NAVY,FAROS LED,",12250,2021,54600,Gasolina,https://autofesa.imgix.net/1152550.jpg?w=768&h=512&q=60&fm=webp,https://www.autofesa.com/coches-de-ocasion/citroen/c4/1-2-puretech-shine-130cv-5p-navy-faros-led
"Citroen C4 1.2 PURETECH SHINE 130CV 5P # NAVY,FAROS LED,PARKTRONIC,CAMARA TRASERA,HEAD UP DISPLAY",1535013950,2023,47700,Gasolina,https://autofesa.imgix.net/1140724.jpg?w=768&h=512&q=60&fm=webp,https://www.autofesa.com/coches-de-ocasion/citroen/c4/1-2-puretech-shine-130cv-5p-navy-faros-led-parktronic-camara-trasera-head-up-display
"Citroen C4 1.6 BLUEHDI 100CV FEEL EDITION 5P # PARKTRONIC, BLUETOOTH",93508990,2016,113400,Otros,https://autofesa.imgix.net/1140771.jpg?w=768&h=512&q=60&fm=webp,https://www.autofesa.com/coches-de-ocasion/citroen/c4/1-6-bluehdi-100cv-feel-edition-5p-parktronic-bluetooth
"Citroen C4 1.6 HDI AIRDREAM EXCLUSIVE 110cv AUTO 5P # TECHO PANORAMICO, NAVY",99509450,2010,71800,Otros,https://autofesa.imgix.net/1117092.jpg?w=768&h=512&q=60&fm=webp,https://www.autofesa.com/coches-de-ocasion/citroen/c4/1-6-hdi-airdream-exclusive-110cv-auto-5p-techo-panoramico-navy
Citroen C4 Cactus 1.2 110cv SHINE 5P # NAVY,94508950,2016,76400,Gasolina,https://autofesa.imgix.net/1122026.jpg?w=768&h=512&q=60&fm=webp,https://www.autofesa.com/coches-de-ocasion/citroen/c4-cactus/1-2-110cv-shine-5p-navy-1
"Citroen C4 CACTUS 1.5 HDI 100CV FEEL 5P # NAVY, PARKTRONIC",1175010250,2018,91600,Otros,https://autofesa.imgix.net/1131517.jpg?w=768&h=512&q=60&fm=webp,https://www.autofesa.com/coches-de-ocasion/citroen/c4-cactus-1-5-hdi-100cv-feel-5p-navy-parktronic/1-5-hdi-100cv-shine-5p-navy-parktronic
Citroen C4 Cactus 1.6HDI SHINE 92cv AUTO 5P # NAVY,104509950,2014,114100,Otros,https://autofesa.imgix.net/1107151.jpg?w=768&h=512&q=60&fm=webp,https://www.autofesa.com/coches-de-ocasion/citroen/c4-cactus/1-6hdi-shine-92cv-auto-5p-navy
"Citroen C4 Grand Picasso 1.2 PURETECH FEEL 130CV 7 PLAZAS 5P # NAVY,PARKTRONIC",11750,2018,85100,Gasolina,https://autofesa.imgix.net/1151631.jpg?w=768&h=512&q=60&fm=webp,https://www.autofesa.com/coches-de-ocasion/citroen/c4-grand-picasso/1-2-puretech-feel-130cv-7-plazas-5p-navy-parktronic
Citroen C4 Grand Picasso 1.6 HDI AUTO 112CV 7PLAZAS 5P # PARKTRONIC,63505950,2013,191800,Otros,https://autofesa.imgix.net/1139857.jpg?w=768&h=512&q=60&fm=webp,https://www.autofesa.com/coches-de-ocasion/citroen/c4-grand-picasso/1-6-hdi-auto-112cv-7plazas-5p-parktronic
Citroen C4 Grand Picasso 2.0 HDI AUTO EXCLUSIVE 136CV 7 PLAZAS 5P # PARKTRONIC,5350,2007,176000,Otros,https://autofesa.imgix.net/1153242.jpg?w=768&h=512&q=60&fm=webp,https://www.autofesa.com/coches-de-ocasion/citroen/c4-grand-picasso/2-0-hdi-auto-exclusive-136cv-7-plazas-5p-parktronic
Citroen C4 Grand Picasso 2.0 HDI SX AUTO 136CV 6 PLAZAS 5P,4650,2008,237600,Otros,https://autofesa.imgix.net/1133121.jpg?w=768&h=512&q=60&fm=webp,https://www.autofesa.com/coches-de-ocasion/citroen/c4-grand-picasso/2-0-hdi-sx-auto-136cv-6-plazas-5p
"Citroen C4 Grand Picasso C4 GRAND PICASSO 1.2 PURETECH 130CV FEEL 7 PLAZAS 5P # NAVY,CAMARA TRASERA",8900,2016,112589,Gasolina,https://autofesa.imgix.net/1154161.jpg?w=768&h=512&q=60&fm=webp,https://www.autofesa.com/coches-de-ocasion/citroen/c4-grand-picasso/c4-grand-picasso-1-2-puretech-130cv-feel-7-plazas-5p-navy-camara-trasera
Citroen C4 Picasso 1.2 PURETECH 130cv LIVE 5P # PARKTRONIC,103508450,2017,90200,Gasolina,https://autofesa.imgix.net/1109417.jpg?w=768&h=512&q=60&fm=webp,https://www.autofesa.com/coches-de-ocasion/citroen/c4-picasso/1-2-puretech-130cv-live-5p-parktronic-1
"Citroen C4 Picasso 1.2 PURETECH SHINE 130CV 5P # NAVY,CAMARA 360,PARKTRONIC",11750,2016,57273,Gasolina,https://autofesa.imgix.net/1148842.jpg?w=768&h=512&q=60&fm=webp,https://www.autofesa.com/coches-de-ocasion/citroen/c4-picasso/1-2-puretech-shine-130cv-5p-navy-camara-360-parktronic
"Citroen C4 Picasso 1.2 PURETECH SHINE 130CV 5P #TECHO DOBLE, NAVY, PARKTRONIC",10350,2017,76438,Gasolina,https://autofesa.imgix.net/1152624.jpg?w=768&h=512&q=60&fm=webp,https://www.autofesa.com/coches-de-ocasion/citroen/c4-picasso/1-2-puretech-shine-130cv-5p-techo-doble-navy-parktronic
"Citroen C4 SPACETOURER 1.2i 130CV FEEL 5P # NAVY,CAMARA TRASERA",1178011350,2019,61531,Gasolina,https://autofesa.imgix.net/1144173.jpg?w=768&h=512&q=60&fm=webp,https://www.autofesa.com/coches-de-ocasion/citroen/c4-spacetourer-1-2i-130cv-feel-5p-navy-camara-trasera/c4-spacetourer-1-2i-130cv-feel-5p-navy-camara-trasera
Citroen C5 2.0 HDI 140CV 4P # PARKTRONIC,9380,2014,134740,Otros,https://autofesa.imgix.net/1148870.jpg?w=768&h=512&q=60&fm=webp,https://www.autofesa.com/coches-de-ocasion/citroen/c5/2-0-hdi-140cv-4p-parktronic
"Citroen C5 2.0 HDI 160CV EXCLUSIVE 4P # NAVY,BIXENON,PARKTORNIC",9350,2011,135956,Otros,https://autofesa.imgix.net/1149149.jpg?w=768&h=512&q=60&fm=webp,https://www.autofesa.com/coches-de-ocasion/citroen/c5/2-0-hdi-160cv-exclusive-4p-navy-bixenon-parktornic
"Citroen C5 2.2 HDI 170CV EXCLUSIVE 4P # NAVY, CUERO",7900,2008,136800,Otros,https://autofesa.imgix.net/1125750.jpg?w=768&h=512&q=60&fm=webp,https://www.autofesa.com/coches-de-ocasion/citroen/c5/2-2-hdi-170cv-exclusive-4p-navy-cuero
Citroen C5 Aircross 1.2 PureTech Feel 130cv 5P S/S # LIBRO,2145012850,2019,51287,Gasolina,https://autofesa.imgix.net/904959.jpg?w=768&h=512&q=60&fm=webp,https://www.autofesa.com/coches-de-ocasion/citroen/c5-aircross/1-2-puretech-feel-130cv-5p-s-s-libro
"Citroen Ds3 1.6 THP 150CV SPORT CHIC 3P # NAVY,CUERO",8450,2010,82439,Gasolina,https://autofesa.imgix.net/1148804.jpg?w=768&h=512&q=60&fm=webp,https://www.autofesa.com/coches-de-ocasion/citroen/ds3/1-6-thp-150cv-sport-chic-3p-navy-cuero
"Citroen Ds4 1.6 200CV SPORT CHIC 5P # NAVY, CUERO",8950,2011,91600,Gasolina,https://autofesa.imgix.net/1126255.jpg?w=768&h=512&q=60&fm=webp,https://www.autofesa.com/coches-de-ocasion/citroen/ds4/1-6-200cv-sport-chic-5p-navy-cuero
"Citroen Ds4 2.0 HDI 160CV SPORT CHIC AUTO 5P # NAVY, CUERO",11850,2015,92800,Otros,https://autofesa.imgix.net/1125698.jpg?w=768&h=512&q=60&fm=webp,https://www.autofesa.com/coches-de-ocasion/citroen/ds4/2-0-hdi-160cv-sport-chic-auto-5p-navy-cuero
"Citroen Grand C4 SpaceTourer 1.5 HDI 130CV AUTO 7LAZAS 5P S/S # IVA DEDUCIBLE, NAVY",2085018900,2021,46100,Otros,https://autofesa.imgix.net/1137252.jpg?w=768&h=512&q=60&fm=webp,https://www.autofesa.com/coches-de-ocasion/citroen/grand-c4-spacetourer/1-5-hdi-130cv-auto-7lazas-5p-s-s-iva-deducible-navy
"Citroen Jumper 2.2 BLUEHDI 35 L2H2 120CV 4P # IVA DEDUCIBLE,",19450,2021,71397,Otros,https://autofesa.imgix.net/1151183.jpg?w=768&h=512&q=60&fm=webp,https://www.autofesa.com/coches-de-ocasion/citroen/jumper/2-2-bluehdi-35-l2h2-120cv-4p-iva-deducible
"Citroen Jumper 2.2 BLUEHDI FURGON 35L2H2 120CV 3P # IVA DEDUCIBLE,PARKTRONIC",2050018900,2021,69000,Otros,https://autofesa.imgix.net/1127442.jpg?w=768&h=512&q=60&fm=webp,https://www.autofesa.com/coches-de-ocasion/citroen/jumper/2-2-bluehdi-furgon-35l2h2-120cv-3p-iva-deducible-parktronic
Citroen Jumper 2.2 BLUEHDI L2H1 120 2p # IVA DEDUCIBLE,18750,2020,66185,Otros,https://autofesa.imgix.net/1150719.jpg?w=768&h=512&q=60&fm=webp,https://www.autofesa.com/coches-de-ocasion/citroen/jumper/2-2-bluehdi-l2h1-120-2p-iva-deducible
"Citroen Jumper 2.2 GRAN VOLUME 35 L3H2 140CV 4P # IVA DEDUCIBLE, ISOTERMO",2545023750,2021,32700,Otros,https://autofesa.imgix.net/1128947.jpg?w=768&h=512&q=60&fm=webp,https://www.autofesa.com/coches-de-ocasion/citroen/jumper/2-2-gran-volume-35-l3h2-140cv-4p-iva-deducible-isotermo
Citroen Jumper FURGON 2.0 L3H2 130CV 4P # IVA DEDUCIBLE,2185020450,2019,74300,Otros,https://autofesa.imgix.net/1124360.jpg?w=768&h=512&q=60&fm=webp,https://www.autofesa.com/coches-de-ocasion/citroen/jumper/furgon-2-0-l3h2-130cv-4p-iva-deducible
Citroen Jumpy COMBI TALLA M 1.5 HDI 102cv 9 PLAZAS 4P # IVA DEDUCIBLE,1845016950,2021,148500,Otros,https://autofesa.imgix.net/1115008.jpg?w=768&h=512&q=60&fm=webp,https://www.autofesa.com/coches-de-ocasion/citroen/jumpy/combi-talla-m-1-5-hdi-102cv-9-plazas-4p-iva-deducible
"Citroen Jumpy JUMPY XL 1.5 BLUEHDI 120CV 4P VENTA SOLO PROFESIONALES # IVA DEDUCIBLE,NAVY",17350,2018,113200,Otros,https://autofesa.imgix.net/1146889.jpg?w=768&h=512&q=60&fm=webp,https://www.autofesa.com/coches-de-ocasion/citroen/jumpy/jumpy-xl-1-5-bluehdi-120cv-4p-venta-solo-profesionales-iva-deducible-navy
Citroen Jumpy JUMPY XS 1.5 BLUEHDI 115CV 9 PLAZAS 4P # PARKTRONIC,2265020900,2018,50460,Otros,https://autofesa.imgix.net/1140665.jpg?w=768&h=512&q=60&fm=webp,https://www.autofesa.com/coches-de-ocasion/citroen/jumpy/jumpy-xs-1-5-bluehdi-115cv-9-plazas-4p-parktronic
Citroen Xsara COUPE 2.0 HDI VTS 110CV 3P # BOLA REMOLQUE,2750,2003,112000,Otros,https://autofesa.imgix.net/1152053.jpg?w=768&h=512&q=60&fm=webp,https://www.autofesa.com/coches-de-ocasion/citroen/xsara/coupe-2-0-hdi-vts-110cv-3p-bola-remolque
CUPRA BORN 62 KWH 470 Kms Autonomia 204cv Auto 5P,2950020900,2021,36900,Otros,https://autofesa.imgix.net/973240.jpg?w=768&h=512&q=60&fm=webp,https://www.autofesa.com/coches-de-ocasion/cupra/born/62-kwh-470-kms-autonomia-204cv-auto-5p
"CUPRA Leon 1.4E HYBRIDO ENCHUFABLE 245CV DSG 5P # NAVY,FAROS LED,",2285021450,2021,74753,Híbrido,https://autofesa.imgix.net/1133772.jpg?w=768&h=512&q=60&fm=webp,https://www.autofesa.com/coches-de-ocasion/cupra/leon/1-4e-hybrido-enchufable-245cv-dsg-5p-navy-faros-led
Dacia Duster 1.3 TCE 130CV PRESTIGE 4X2 5P,12650,2019,110300,Gasolina,https://autofesa.imgix.net/1125115.jpg?w=768&h=512&q=60&fm=webp,https://www.autofesa.com/coches-de-ocasion/dacia/duster/1-3-tce-130cv-prestige-4x2-5p
"Dacia Duster 1.3 TCE 150CV PRESTIGE 4X2 5P # PARKTRONIC,CAMARA TRASERA",14850,2019,67300,Gasolina,https://autofesa.imgix.net/1146266.jpg?w=768&h=512&q=60&fm=webp,https://www.autofesa.com/coches-de-ocasion/dacia/duster/1-3-tce-150cv-prestige-4x2-5p-parktronic-camara-trasera
Dacia Lodgy 1.2 TCE BLACK LINE 115CV 7 PLAZAS 5P # PARKTRONIC,9350,2014,114453,Gasolina,https://autofesa.imgix.net/1153023.jpg?w=768&h=512&q=60&fm=webp,https://www.autofesa.com/coches-de-ocasion/dacia/lodgy/1-2-tce-black-line-115cv-7-plazas-5p-parktronic
Dacia Lodgy 1.5 BLUE DCI 115CV STEPWAY 7PLAZAS 5P # PARKTRONIC,13850,2019,110600,Otros,https://autofesa.imgix.net/1139102.jpg?w=768&h=512&q=60&fm=webp,https://www.autofesa.com/coches-de-ocasion/dacia/lodgy/1-5-blue-dci-115cv-stepway-7plazas-5p-parktronic
Dacia Lodgy 1.5 DCI 115CV STEPWAY 7 PLAZAS 5P # PARKTRONIC,1565014350,2020,78100,Otros,https://autofesa.imgix.net/1149691.jpg?w=768&h=512&q=60&fm=webp,https://www.autofesa.com/coches-de-ocasion/dacia/lodgy/1-5-dci-115cv-stepway-7-plazas-5p-parktronic
"Dacia LODGY 1.6 TCE 100CV 7PLAZAS 5P S/S # IVA DEDUCIBLE, PARKTRONIC",1285012450,2021,92400,Gasolina,https://autofesa.imgix.net/1143114.jpg?w=768&h=512&q=60&fm=webp,https://www.autofesa.com/coches-de-ocasion/dacia/lodgy-1-6-tce-100cv-7plazas-5p-s-s-iva-deducible-parktronic/1-3-tce-100cv-7plazas-5p-s-s-iva-deducible-parktronic
Dacia LODGY TCE STEPWAY 115CV 7 PLAZAS 5P # PARKTRONIC,1375012650,2017,63439,Gasolina,https://autofesa.imgix.net/1143414.jpg?w=768&h=512&q=60&fm=webp,https://www.autofesa.com/coches-de-ocasion/dacia/lodgy-tce-stepway-115cv-7-plazas-5p-parktronic/lodgy-tce-stepway-115cv-7-plazas-5p-parktronic
Dacia Logan 1.0 75cv CONFORT 4P # IVA DEDUCIBLE,108509350,2020,53100,Gasolina,https://autofesa.imgix.net/1110234.jpg?w=768&h=512&q=60&fm=webp,https://www.autofesa.com/coches-de-ocasion/dacia/logan/1-0-75cv-confort-4p-iva-deducible
Dacia Logan 1.0 SCE 75CV AMBIANCE 4P # BLUETOOTH,8650,2019,74900,Gasolina,https://autofesa.imgix.net/1134381.jpg?w=768&h=512&q=60&fm=webp,https://www.autofesa.com/coches-de-ocasion/dacia/logan/1-0-sce-75cv-ambiance-4p-bluetooth
Dacia LOGAN 1.5 DCI 75CV AMBIANCE 4P 1.5 DCI 75CV AMBIANCE 4P,82507900,2014,54943,Otros,https://autofesa.imgix.net/1146043.jpg?w=768&h=512&q=60&fm=webp,https://www.autofesa.com/coches-de-ocasion/dacia/logan-1-5-dci-75cv-ambiance-4p/1-5-dci-75cv-ambiance-4p
Dacia Logan MCV 0.9 TCE STEPWAY 90cv 5P # NAVY,106509950,2019,110700,Gasolina,https://autofesa.imgix.net/1120506.jpg?w=768&h=512&q=60&fm=webp,https://www.autofesa.com/coches-de-ocasion/dacia/logan/mcv-0-9-tce-stepway-90cv-5p-navy
Dacia Sandero SANDERO 1.5 75CV,0,2015,125590,Otros,https://www.autofesa.com/media/cache/md/defaults/no-image.webp,https://www.autofesa.com/coches-de-ocasion/dacia/sandero/sandero-1-5-75cv
"Dacia Spring ELECTRIC COMFORT PLUS 45CV AUTO 5P # NAVY, CUERO",109509900,2021,28800,Otros,https://autofesa.imgix.net/1130091.jpg?w=768&h=512&q=60&fm=webp,https://www.autofesa.com/coches-de-ocasion/dacia/spring/electric-comfort-plus-45cv-auto-5p-navy-cuero
"Dacia Spring ELECTRIC EXTREME 65CV AUTO 5P # IVA DEDUCIBLE, NAVY, CUERO",12850,2023,10700,Otros,https://autofesa.imgix.net/1130115.jpg?w=768&h=512&q=60&fm=webp,https://www.autofesa.com/coches-de-ocasion/dacia/spring/electric-extreme-65cv-auto-5p-iva-deducible-navy-cuero
Dacia Spring ELECTRICO EXTREME 65cv AUTO 5P,1665015450,2024,44,Otros,https://autofesa.imgix.net/1121164.jpg?w=768&h=512&q=60&fm=webp,https://www.autofesa.com/coches-de-ocasion/dacia/spring/electrico-extreme-65cv-auto-5p
"DS DS 3 Crossback 1.2 SO CHIC 130cv AUTO 5P # NAVY, PARKTRONIC",1845014990,2020,32844,Gasolina,https://autofesa.imgix.net/1113014.jpg?w=768&h=512&q=60&fm=webp,https://www.autofesa.com/coches-de-ocasion/ds/ds-3-crossback/1-2-so-chic-130cv-auto-5p-navy-parktronic
"DS DS 3 Crossback 1.5 BLUE HDI SO CHIC 100CV 5P # NAVY,CAMARA TRASERA,PARKTRONIC",1245011850,2019,142500,Otros,https://autofesa.imgix.net/1128702.jpg?w=768&h=512&q=60&fm=webp,https://www.autofesa.com/coches-de-ocasion/ds/ds-3-crossback/1-5-blue-hdi-so-chic-100cv-5p-navy-camara-trasera-parktronic
"DS DS 3 DS3 CABRIO 1.2i 110CV SPORT CHIC AUTO 2P # GPS,FAROS LED,CAMARA TRASERA",1135010450,2016,50652,Gasolina,https://autofesa.imgix.net/1137423.jpg?w=768&h=512&q=60&fm=webp,https://www.autofesa.com/coches-de-ocasion/ds/ds-3/ds3-cabrio-1-2i-110cv-sport-chic-auto-2p-gps-faros-led-camara-trasera
"DS DS 4 1.2 PureTech Chic 130cv 5P S/S # NAVY, BIXENON",1550012450,2018,37700,Gasolina,https://autofesa.imgix.net/1019322.jpg?w=768&h=512&q=60&fm=webp,https://www.autofesa.com/coches-de-ocasion/ds/ds-4/1-2-puretech-chic-130cv-5p-s-s-navy-bixenon
"DS DS 7 Crossback 1.6 E-TENSE SO CHIC 4WD AUTO 300CV 5P # IVA DEDUCIBLE,CUERO,NAVY",2365021850,2021,68600,Híbrido,https://autofesa.imgix.net/1147839.jpg?w=768&h=512&q=60&fm=webp,https://www.autofesa.com/coches-de-ocasion/ds/ds-7-crossback/1-6-e-tense-so-chic-4wd-auto-300cv-5p-iva-deducible-cuero-navy
"DS DS 7 Crossback 1.6 HIBRIDO ENCHUFABLE PERFORMANCE LINE 300cv AUTO 5P # NAVY, PARKTRONIC, FAROS LED",2835024450,2021,37700,Híbrido,https://autofesa.imgix.net/1112303.jpg?w=768&h=512&q=60&fm=webp,https://www.autofesa.com/coches-de-ocasion/ds/ds-7-crossback/1-6-hibrido-enchufable-performance-line-300cv-auto-5p-navy-parktronic-faros-led
"DS DS 7 Crossback 1.6i AUTO 180CV SO CHIC 4x2 5P # NAVY, LUCES LED, PARKTRONIC",19900,2020,62100,Gasolina,https://autofesa.imgix.net/1150971.jpg?w=768&h=512&q=60&fm=webp,https://www.autofesa.com/coches-de-ocasion/ds/ds-7-crossback/1-6i-auto-180cv-so-chic-4x2-5p-navy-luces-led-parktronic
DS DS 7 Crossback CROSSBACK 1.2 CHIC 130CV 5P # PARKTRONIC,1785016350,2019,52164,Gasolina,https://autofesa.imgix.net/1141125.jpg?w=768&h=512&q=60&fm=webp,https://www.autofesa.com/coches-de-ocasion/ds/ds-7-crossback/crossback-1-2-chic-130cv-5p-parktronic
"DS DS 7 Crossback DS7 CROSSBACK 1.6 E-TENSE SO CHIC 225CV 2WD AUTO 5P # IVA DEDUCIBLE,",22850,2021,40000,Híbrido,https://autofesa.imgix.net/1147921.jpg?w=768&h=512&q=60&fm=webp,https://www.autofesa.com/coches-de-ocasion/ds/ds-7-crossback/ds7-crossback-1-6-e-tense-so-chic-225cv-2wd-auto-5p-iva-deducible
"Ferrari 575 575 MARANELLO 515cv AUTO 2P NACIONAL COCHE COLECCION UNICO DUEÑO ,18.000KM # CUERO",120000,2005,20000,Gasolina,https://autofesa.imgix.net/1117843.jpg?w=768&h=512&q=60&fm=webp,https://www.autofesa.com/coches-de-ocasion/ferrari/575/575-maranello-515cv-auto-2p-nacional-coche-coleccion-unico-dueno-18-000km-cuero
"Ferrari CALIFORNIA 4.3 V8 AUTO 490CV 2P # NAVY,CUERO,BIXENON",118500115500,2015,58200,Gasolina,https://autofesa.imgix.net/1142419.jpg?w=768&h=512&q=60&fm=webp,https://www.autofesa.com/coches-de-ocasion/ferrari/california/4-3-v8-auto-490cv-2p-navy-cuero-bixenon
"Fiat 500C 1.2 SERIE SPORT 69CV 2P # NAVY,CUERO,PARKTRONIC",106509450,2016,97869,Gasolina,https://autofesa.imgix.net/1146619.jpg?w=768&h=512&q=60&fm=webp,https://www.autofesa.com/coches-de-ocasion/fiat/500c-1-2-serie-sport-69cv-2p-navy-cuero-parktronic/1-2-serie-sport-69cv-2p-navy-cuero-parktronic
"Fiat 500l 1.6 MJET LOUNGE 120cv 5P # TECHO PANORAMICO, NAVY",106509500,2015,97700,Otros,https://autofesa.imgix.net/1092310.jpg?w=768&h=512&q=60&fm=webp,https://www.autofesa.com/coches-de-ocasion/fiat/500l/1-6-mjet-lounge-120cv-5p-techo-panoramico-navy
Fiat 500X 1.6 MJET CROSS 120cv 5P # NAVY,1325010450,2017,103800,Otros,https://autofesa.imgix.net/1086833.jpg?w=768&h=512&q=60&fm=webp,https://www.autofesa.com/coches-de-ocasion/fiat/500x/1-6-mjet-cross-120cv-5p-navy
"Fiat 500X 500X CROSS 1.0 T3 FIREFLY 120CV 5P # NAVY,FAROS LED,CAMARA TRASERA,PARKTRONIC",10800,2019,85200,Gasolina,https://autofesa.imgix.net/1147331.jpg?w=768&h=512&q=60&fm=webp,https://www.autofesa.com/coches-de-ocasion/fiat/500x/500x-cross-1-0-t3-firefly-120cv-5p-navy-faros-led-camara-trasera-parktronic
Fiat Doblo FURGO 1.3 D 95CV 2P,6750,2018,194200,Otros,https://autofesa.imgix.net/1153814.jpg?w=768&h=512&q=60&fm=webp,https://www.autofesa.com/coches-de-ocasion/fiat/doblo/furgo-1-3-d-95cv-2p
"Fiat Ducato 2.3 GAS GNC ALTO 136CV 3P #CONGELADOR, ISOTERMO",1945016450,2018,61700,Otros,https://autofesa.imgix.net/1120536.jpg?w=768&h=512&q=60&fm=webp,https://www.autofesa.com/coches-de-ocasion/fiat/ducato/2-3-gas-gnc-alto-136cv-3p-congelador-isotermo
"Fiat E-SCUDO ELECTRICA FURGO LONG PRO 136cv 4P # IVA DEDUCIBLE, NAVY",2185018850,2022,48800,Otros,https://autofesa.imgix.net/1106192.jpg?w=768&h=512&q=60&fm=webp,https://www.autofesa.com/coches-de-ocasion/fiat/e-scudo/electrica-furgo-long-pro-136cv-4p-iva-deducible-navy
Fiat Punto 1.2 EASY 69CV 5P,6750,2018,102000,Gasolina,https://autofesa.imgix.net/1152602.jpg?w=768&h=512&q=60&fm=webp,https://www.autofesa.com/coches-de-ocasion/fiat/punto/1-2-easy-69cv-5p
Fiat Stilo 2.0 JTD STILO 120CV 3P,1950,2007,310000,Otros,https://autofesa.imgix.net/1153665.jpg?w=768&h=512&q=60&fm=webp,https://www.autofesa.com/coches-de-ocasion/fiat/stilo/2-0-jtd-stilo-120cv-3p
"Fiat Tipo SW 1.3 MJET EASY 95CV 5P # NAVY, PARKTRONIC",8850,2017,116326,Otros,https://autofesa.imgix.net/1152773.jpg?w=768&h=512&q=60&fm=webp,https://www.autofesa.com/coches-de-ocasion/fiat/tipo/sw-1-3-mjet-easy-95cv-5p-navy-parktronic
Fiat Tipo SW 1.4I LOUNGE 95cv 5P # PARKTRONIC,92508450,2017,121400,Gasolina,https://autofesa.imgix.net/1120155.jpg?w=768&h=512&q=60&fm=webp,https://www.autofesa.com/coches-de-ocasion/fiat/tipo/sw-1-4i-lounge-95cv-5p-parktronic
Fiat Tipo TIPO 1.4 95CV 4P # PARKTRONIC,8250,2016,69900,Gasolina,https://autofesa.imgix.net/1152582.jpg?w=768&h=512&q=60&fm=webp,https://www.autofesa.com/coches-de-ocasion/fiat/tipo/tipo-1-4-95cv-4p-parktronic
"Ford C-max CMAX 1.5 TDCI 120CV TITANIUM 5P # NAVY,PARKTRONIC",11850,2018,119430,Otros,https://autofesa.imgix.net/1133749.jpg?w=768&h=512&q=60&fm=webp,https://www.autofesa.com/coches-de-ocasion/ford/c-max/cmax-1-5-tdci-120cv-titanium-5p-navy-parktronic
"Ford Edge 2.0 TDCI AWD 210CV AUTO 5P S/S # NAVY, CUERO, TECHO ELECTRICO PANORAMICO, FAROS LED",2435022850,2018,103000,Otros,https://autofesa.imgix.net/1132771.jpg?w=768&h=512&q=60&fm=webp,https://www.autofesa.com/coches-de-ocasion/ford/edge/2-0-tdci-awd-210cv-auto-5p-s-s-navy-cuero-techo-electrico-panoramico-faros-led
"Ford Edge 2.0 TDCI TITANIUM AWD AUTO 210cv 5P # NAVY, CUERO",2175017990,2016,128600,Otros,https://autofesa.imgix.net/1087998.jpg?w=768&h=512&q=60&fm=webp,https://www.autofesa.com/coches-de-ocasion/ford/edge/2-0-tdci-titanium-awd-auto-210cv-5p-navy-cuero
"Ford Fiesta 1.5 TDCI 120CV TITANIUM 5P # NAVY, PARKTRONIC",11850,2019,86700,Otros,https://autofesa.imgix.net/1131652.jpg?w=768&h=512&q=60&fm=webp,https://www.autofesa.com/coches-de-ocasion/ford/fiesta/1-5-tdci-120cv-titanium-5p-navy-parktronic
Ford Focus 2.0 TDCI 150cv TITANIUM 5P # NAVY,1465012850,2016,65600,Otros,https://autofesa.imgix.net/1121332.jpg?w=768&h=512&q=60&fm=webp,https://www.autofesa.com/coches-de-ocasion/ford/focus/2-0-tdci-150cv-titanium-5p-navy
"Ford Focus ACTIVE 1.0 ECOBOOST MHEV STYLE 155CV 5P # IVA DEDUCIBLE,PARKTRONIC",1785016450,2022,49000,Híbrido,https://autofesa.imgix.net/1137922.jpg?w=768&h=512&q=60&fm=webp,https://www.autofesa.com/coches-de-ocasion/ford/focus/active-1-0-ecoboost-mhev-style-155cv-5p-iva-deducible-parktronic
"Ford Galaxy 2.0 TDI Titanium 140cv 7 Plazas 5P # NAVY,PARKTRONIC",1365012990,2014,157500,Otros,https://autofesa.imgix.net/1123885.jpg?w=768&h=512&q=60&fm=webp,https://www.autofesa.com/coches-de-ocasion/ford/galaxy/2-0-tdi-titanium-140cv-7-plazas-5p-navy-parktronic
"Ford Kuga 2.0 TDCI AUTO 4X4 150CV 5P # NAVY, PARKTRONIC",8650,2015,268600,Otros,https://autofesa.imgix.net/1152029.jpg?w=768&h=512&q=60&fm=webp,https://www.autofesa.com/coches-de-ocasion/ford/kuga/2-0-tdci-auto-4x4-150cv-5p-navy-parktronic
"Ford Mondeo 1.5 ECOBOOST 160CV TITANIUM SPORTBREAK 5P S/S # NAVY, CUERO",12350,2016,80100,Gasolina,https://autofesa.imgix.net/1137841.jpg?w=768&h=512&q=60&fm=webp,https://www.autofesa.com/coches-de-ocasion/ford/mondeo/1-5-ecoboost-160cv-titanium-sportbreak-5p-s-s-navy-cuero
"Ford Mondeo 2.0 HEV VIGNALE AUTO 187CV 4P #CUERO, NAVY, PARKTRONIC",16850,2018,100600,Híbrido,https://autofesa.imgix.net/1153947.jpg?w=768&h=512&q=60&fm=webp,https://www.autofesa.com/coches-de-ocasion/ford/mondeo/2-0-hev-vignale-auto-187cv-4p-cuero-navy-parktronic
"Ford Mondeo 2.0 TDCI 150CV TITANIUM 5P # NAVY, PARKTRONIC",13450,2017,116900,Otros,https://autofesa.imgix.net/1135287.jpg?w=768&h=512&q=60&fm=webp,https://www.autofesa.com/coches-de-ocasion/ford/mondeo/2-0-tdci-150cv-titanium-5p-navy-parktronic
Ford S-max 2.0 TITANIUM 140CV 7 PLAZAS 5P # PARKTRONIC,8450,2009,166400,Otros,https://autofesa.imgix.net/1144416.jpg?w=768&h=512&q=60&fm=webp,https://www.autofesa.com/coches-de-ocasion/ford/s-max/2-0-titanium-140cv-7-plazas-5p-parktronic
"Ford Transit Custom 2.0 TDCI 9 PLAZAS 4P # IVA DEDUCIBLE,BOLA REMOLQUE",16500,2021,237800,Otros,https://autofesa.imgix.net/1148759.jpg?w=768&h=512&q=60&fm=webp,https://www.autofesa.com/coches-de-ocasion/ford/transit-custom/2-0-tdci-9-plazas-4p-iva-deducible-bola-remolque
"Ford Transit Connect L2 1.5 TDCI TREND 100CV 4P # NAVY,CAMARA TRASERA,LIBRO REVISION",12350,2017,126145,Otros,https://autofesa.imgix.net/1150838.jpg?w=768&h=512&q=60&fm=webp,https://www.autofesa.com/coches-de-ocasion/ford/transit-connect/l2-1-5-tdci-trend-100cv-4p-navy-camara-trasera-libro-revision
"Ford Transit Courier KOMBI 1.5 TDCI TREND 75CV 5P # IVA DEDUCIBLE,",11850,2019,64000,Otros,https://autofesa.imgix.net/1151118.jpg?w=768&h=512&q=60&fm=webp,https://www.autofesa.com/coches-de-ocasion/ford/transit-courier/kombi-1-5-tdci-trend-75cv-5p-iva-deducible-1
Ford Transit L2 MIXTA 2.0 MHEV CAMPER 130CV TREND 4P # CAMARA TRASERA,27500,2022,48100,Híbrido,https://autofesa.imgix.net/1147182.jpg?w=768&h=512&q=60&fm=webp,https://www.autofesa.com/coches-de-ocasion/ford/transit/l2-mixta-2-0-mhev-camper-130cv-trend-4p-camara-trasera
"Honda Cr-v 2.0 HIBRIDO MMD 4X4 EXECUTIVE 184CV AUTO 5P # IVA DEDUCIBLE, TECHO ELEC, NAVY, CUERO",2950027950,2019,44600,Híbrido,https://autofesa.imgix.net/1125868.jpg?w=768&h=512&q=60&fm=webp,https://www.autofesa.com/coches-de-ocasion/honda/cr-v/2-0-hibrido-mmd-4x4-executive-184cv-auto-5p-iva-deducible-techo-elec-navy-cuero
"Honda Cr-v 2.0 i-VTEC AWD Executive 155cv 5P S/S # NAVY, XENON, PARKTRONIC",2150017900,2017,105500,Gasolina,https://autofesa.imgix.net/1022588.jpg?w=768&h=512&q=60&fm=webp,https://www.autofesa.com/coches-de-ocasion/honda/cr-v/2-0-i-vtec-awd-executive-155cv-5p-s-s-navy-xenon-parktronic
"Hyundai BAYON 1.0 TGDI 100CV MAXX 5P # PARKTRONIC,CAMARA TRASERA",15250,2021,41300,Gasolina,https://autofesa.imgix.net/1148928.jpg?w=768&h=512&q=60&fm=webp,https://www.autofesa.com/coches-de-ocasion/hyundai/bayon/1-0-tgdi-100cv-maxx-5p-parktronic-camara-trasera
Hyundai I10 1.0 KLASS 67CV 5P,7950,2017,65923,Gasolina,https://autofesa.imgix.net/1153439.jpg?w=768&h=512&q=60&fm=webp,https://www.autofesa.com/coches-de-ocasion/hyundai/i10/1-0-klass-67cv-5p-1
"Hyundai I10 1.0I KLASS 67CV 5P # IVA DEDUCIBLE,CAMARA TRASERA",1190010450,2022,46106,Gasolina,https://autofesa.imgix.net/1145815.jpg?w=768&h=512&q=60&fm=webp,https://www.autofesa.com/coches-de-ocasion/hyundai/i10/1-0i-klass-67cv-5p-iva-deducible-camara-trasera
"Hyundai I10 1.0i KLASS AUTO 67CV 5P #CAMARA TRASERA, START/STOP",13850,2023,15200,Gasolina,https://autofesa.imgix.net/1153281.jpg?w=768&h=512&q=60&fm=webp,https://www.autofesa.com/coches-de-ocasion/hyundai/i10/1-0i-klass-auto-67cv-5p-camara-trasera-start-stop
"Hyundai I20 1.2 MPI KLASS 75CV 5P # CAMARA TRASERA,LIBRO REVISION",10400,2019,92200,Gasolina,https://autofesa.imgix.net/1151461.jpg?w=768&h=512&q=60&fm=webp,https://www.autofesa.com/coches-de-ocasion/hyundai/i20/1-2-mpi-klass-75cv-5p-camara-trasera-libro-revision
"Hyundai I20 COUPE 1.0 T-GDI 100CV 3P # PARKTRONIC, BLUETOOTH",10300,2017,93100,Gasolina,https://autofesa.imgix.net/1142682.jpg?w=768&h=512&q=60&fm=webp,https://www.autofesa.com/coches-de-ocasion/hyundai/i20/coupe-1-0-t-gdi-100cv-3p-parktronic-bluetooth
"Hyundai I30 1.0 TGDI HEV 100CV 48V KLASS 5P # IVA DEDUCIBLE, NAVY, PARKTRONIC",1965017990,2024,10800,Híbrido,https://autofesa.imgix.net/1122780.jpg?w=768&h=512&q=60&fm=webp,https://www.autofesa.com/coches-de-ocasion/hyundai/i30/1-0-tgdi-hev-100cv-48v-klass-5p-iva-deducible-navy-parktronic
Hyundai I30 FASTBACK 1.0 N-LINE 120cv 5P # GARANTIA FAB 04/2026,2075017950,2023,41700,Gasolina,https://autofesa.imgix.net/1115074.jpg?w=768&h=512&q=60&fm=webp,https://www.autofesa.com/coches-de-ocasion/hyundai/i30/fastback-1-0-n-line-120cv-5p-garantia-fab-04-2026
"Hyundai Ioniq Style Electrico 136cv Auto 5P # GARANTIA FAB 08/2025, NAVY, CUERO, TECHO ELECTRICO",3150020850,2022,24500,Otros,https://autofesa.imgix.net/942593.jpg?w=768&h=512&q=60&fm=webp,https://www.autofesa.com/coches-de-ocasion/hyundai/ioniq/style-electrico-136cv-auto-5p-garantia-fab-08-2025-navy-cuero-techo-electrico
"Hyundai Ix35 1.7 CRDI 115CV TECNO 4X2 5P # PARKTRONIC,CAMARA TRASERA",10650,2013,134000,Otros,https://autofesa.imgix.net/1149786.jpg?w=768&h=512&q=60&fm=webp,https://www.autofesa.com/coches-de-ocasion/hyundai/ix35/1-7-crdi-115cv-tecno-4x2-5p-parktronic-camara-trasera
"Hyundai Ix55 3.0 CRDI VGT V6 240CV GLS STYLE 7 PLAZAS AUTO 5P #TECHO, CUERO",99509450,2011,236300,Otros,https://autofesa.imgix.net/1127241.jpg?w=768&h=512&q=60&fm=webp,https://www.autofesa.com/coches-de-ocasion/hyundai/ix55/3-0-crdi-vgt-v6-240cv-gls-style-7-plazas-auto-5p-techo-cuero
"Hyundai Santa Fe 2.2 CRDI 4X2 200CV 7 PLAZAS 5P # IVA DEDUCIBLE,PARKTRONIC,CAMARA TRASERA",24850,2019,85000,Otros,https://autofesa.imgix.net/1149912.jpg?w=768&h=512&q=60&fm=webp,https://www.autofesa.com/coches-de-ocasion/hyundai/santa-fe/2-2-crdi-4x2-200cv-7-plazas-5p-iva-deducible-parktronic-camara-trasera
Hyundai Tucson 1.6 CRDI AUTO TECNO 136cv 5P # NAVY,2045017900,2018,90168,Otros,https://autofesa.imgix.net/1095469.jpg?w=768&h=512&q=60&fm=webp,https://www.autofesa.com/coches-de-ocasion/hyundai/tucson/1-6-crdi-auto-tecno-136cv-5p-navy
"Hyundai Tucson 1.6 CRDI TRAIN 4X4 136CV 5P # IVA DEDUCIBLE, BOLA",1965017950,2020,110500,Otros,https://autofesa.imgix.net/1124658.jpg?w=768&h=512&q=60&fm=webp,https://www.autofesa.com/coches-de-ocasion/hyundai/tucson/1-6-crdi-train-4x4-136cv-5p-iva-deducible-bola
"Hyundai Tucson 1.6 PHEV 4WD AUTO STYLE SKY 265CV 5P # IVA DEDUCIBLE,TECHO PANORAMICO ELE,NAVY",3085028850,2022,35019,Híbrido,https://autofesa.imgix.net/1132857.jpg?w=768&h=512&q=60&fm=webp,https://www.autofesa.com/coches-de-ocasion/hyundai/tucson/1-6-phev-4wd-auto-style-sky-265cv-5p-iva-deducible-techo-panoramico-ele-navy
"Jaguar E-pace 2.0 P 4WD 200cv Auto 5P S/S # NAVY, CUERO, FAROS LED, CAMARA 360",2545023450,2019,31500,Gasolina,https://autofesa.imgix.net/1043813.jpg?w=768&h=512&q=60&fm=webp,https://www.autofesa.com/coches-de-ocasion/jaguar/e-pace/2-0-p-4wd-200cv-auto-5p-s-s-navy-cuero-faros-led-camara-360
"Jaguar E-pace 2.0D R-DYNAMIC 4WD 150cv AUTO 5P # IVA DEDUCIBLE, BLUETOOTH, FAROS LED",2215020850,2020,61400,Otros,https://autofesa.imgix.net/1107981.jpg?w=768&h=512&q=60&fm=webp,https://www.autofesa.com/coches-de-ocasion/jaguar/e-pace/2-0d-r-dynamic-4wd-150cv-auto-5p-iva-deducible-bluetooth-faros-led
"Jaguar E-pace 2.0D R-DYNAMIC 4WD 150cv AUTO 5P # IVA DEDUCIBLE, NAVY",2295021450,2019,48100,Otros,https://autofesa.imgix.net/1116512.jpg?w=768&h=512&q=60&fm=webp,https://www.autofesa.com/coches-de-ocasion/jaguar/e-pace/2-0d-r-dynamic-4wd-150cv-auto-5p-iva-deducible-navy
"Jaguar E-pace E-PACE 2.0 MHEV R-DYNAMIC 4WD 200CV AUTO 5P S/S # NAVY, CUERO, FAROS LED, CAMARA 360",31450,2021,53600,Híbrido,https://autofesa.imgix.net/1146521.jpg?w=768&h=512&q=60&fm=webp,https://www.autofesa.com/coches-de-ocasion/jaguar/e-pace/e-pace-2-0-mhev-r-dynamic-4wd-200cv-auto-5p-s-s-navy-cuero-faros-led-camara-360
"Jaguar EPACE 2.0D SE 150CV AWD 5P # CUERO,NAVY,FAROS LED",1665015550,2018,115200,Otros,https://autofesa.imgix.net/1143012.jpg?w=768&h=512&q=60&fm=webp,https://www.autofesa.com/coches-de-ocasion/jaguar/epace-2-0d-se-150cv-awd-5p-cuero-navy-faros-led/2-0d-se-150cv-awd-5p-cuero-navy-faros-led
"Jaguar F-pace 2.0 D I4 AUTO MHEV STANDARD 204CV 4WD 5P # IVA DEDUCIBLE,TECHO PANORAMICO,GPS,CUERO",2885026850,2021,93500,Híbrido,https://autofesa.imgix.net/1136987.jpg?w=768&h=512&q=60&fm=webp,https://www.autofesa.com/coches-de-ocasion/jaguar/f-pace/2-0-d-i4-auto-mhev-standard-204cv-4wd-5p-iva-deducible-techo-panoramico-gps-cuero
"Jaguar F-pace 2.0 PHEV P400E AWD AUTO 400CV 5P # IVA DEDUCIBLE,NAVY,FAROS LED,CUERO,",36450,2021,68400,Híbrido,https://autofesa.imgix.net/1145737.jpg?w=768&h=512&q=60&fm=webp,https://www.autofesa.com/coches-de-ocasion/jaguar/f-pace/2-0-phev-p400e-awd-auto-400cv-5p-iva-deducible-navy-faros-led-cuero
"Jaguar F-pace 3.0D V6 300CV 4WD PORTFOLIO AUTO 5P S/S # TECHO ELE, NAVY, CUERO",17850,2017,228800,Otros,https://autofesa.imgix.net/1142230.jpg?w=768&h=512&q=60&fm=webp,https://www.autofesa.com/coches-de-ocasion/jaguar/f-pace/3-0d-v6-300cv-4wd-portfolio-auto-5p-s-s-techo-ele-navy-cuero
"Jaguar F-pace F PACE 2.0 T PRESTIGE AWD 300CV AUTO 5P # PNAVY, CUERO",24850,2019,102500,Gasolina,https://autofesa.imgix.net/1114980.jpg?w=768&h=512&q=60&fm=webp,https://www.autofesa.com/coches-de-ocasion/jaguar/f-pace/f-pace-2-0-t-prestige-awd-300cv-auto-5p-pnavy-cuero
"Jaguar I-Pace EV320 ELECTRICO AWD AUTO 321CV 5P # TECHO PANORAMICO,NAVY,CAMARA 360",24350,2020,51786,Otros,https://autofesa.imgix.net/1148471.jpg?w=768&h=512&q=60&fm=webp,https://www.autofesa.com/coches-de-ocasion/jaguar/i-pace/ev320-electrico-awd-auto-321cv-5p-techo-panoramico-navy-camara-360
"Jaguar Xe 20D MEHV AUTO R-DYNAMIC 204CV 4P # IVA DEDUCIBLE,NAVY,FAROS LED",2385022850,2021,102400,Híbrido,https://autofesa.imgix.net/1146141.jpg?w=768&h=512&q=60&fm=webp,https://www.autofesa.com/coches-de-ocasion/jaguar/xe/20d-mehv-auto-r-dynamic-204cv-4p-iva-deducible-navy-faros-led
Jaguar Xj8 4.2 V8 Auto 300cv Ejecutive 4P # CUERO,1385012950,2003,171259,Gasolina,https://autofesa.imgix.net/964863.jpg?w=768&h=512&q=60&fm=webp,https://www.autofesa.com/coches-de-ocasion/jaguar/xj8/4-2-v8-auto-300cv-ejecutive-4p-cuero
"Jaguar Xkr XKR COUPE 4.2 V8 416cv Auto 3P # CUERO,NAVY,PARKTRONIC",3235031850,2007,62000,Gasolina,https://autofesa.imgix.net/1114297.jpg?w=768&h=512&q=60&fm=webp,https://www.autofesa.com/coches-de-ocasion/jaguar/xkr/xkr-coupe-4-2-v8-416cv-auto-3p-cuero-navy-parktronic
Jeep Compass 2.2 CRD LIMITED 4X2 136cv 5P # BLUETOOTH,1075010350,2012,103300,Otros,https://autofesa.imgix.net/1113259.jpg?w=768&h=512&q=60&fm=webp,https://www.autofesa.com/coches-de-ocasion/jeep/compass/2-2-crd-limited-4x2-136cv-5p-bluetooth
"Jeep Compass COMPASS 1.6 MJET LIMITED 120CV 5P # IVA DEDUCIBLE,NAVY,PARKTRONIC,",17850,2021,104075,Otros,https://autofesa.imgix.net/1149247.jpg?w=768&h=512&q=60&fm=webp,https://www.autofesa.com/coches-de-ocasion/jeep/compass/compass-1-6-mjet-limited-120cv-5p-iva-deducible-navy-parktronic
"Jeep Renegade 1.6 I TORQ BROOKLYN EDITION 110CV 5P S/S #PARKTRONIC, BLUETOOTH",12450,2016,129300,Gasolina,https://autofesa.imgix.net/1143708.jpg?w=768&h=512&q=60&fm=webp,https://www.autofesa.com/coches-de-ocasion/jeep/renegade/1-6-i-torq-brooklyn-edition-110cv-5p-s-s-parktronic-bluetooth
"Jeep Renegade 1.6 MJET LIMITED 4X2 DDCT AUTO 120CV 5P # IVA DEDUCIBLE,CUERO,PARKTORNIC",15850,2019,127000,Otros,https://autofesa.imgix.net/1148117.jpg?w=768&h=512&q=60&fm=webp,https://www.autofesa.com/coches-de-ocasion/jeep/renegade/1-6-mjet-limited-4x2-ddct-auto-120cv-5p-iva-deducible-cuero-parktornic
"Kia Ceed 1.5 MHEV 160CV GT LINE DCT AUTO 5P S/S # TECHO ELE, NAVY, PARKTRONIC",2265020850,2022,67800,Híbrido,https://autofesa.imgix.net/1142809.jpg?w=768&h=512&q=60&fm=webp,https://www.autofesa.com/coches-de-ocasion/kia/ceed/1-5-mhev-160cv-gt-line-dct-auto-5p-s-s-techo-ele-navy-parktronic
Kia Ceed TOURER 1.0GDI 120cv SW CONCEPT 5P # BLUETOOTH,1345012850,2019,67100,Gasolina,https://autofesa.imgix.net/1112464.jpg?w=768&h=512&q=60&fm=webp,https://www.autofesa.com/coches-de-ocasion/kia/ceed/tourer-1-0gdi-120cv-sw-concept-5p-bluetooth
"Kia Niro 1.6 PHEV DRIVE AUTO 141CV 5P # IVA DEDUCIBLE, NAVY, PARKTRONIC",17850,2021,63800,Híbrido,https://autofesa.imgix.net/1153709.jpg?w=768&h=512&q=60&fm=webp,https://www.autofesa.com/coches-de-ocasion/kia/niro/1-6-phev-drive-auto-141cv-5p-iva-deducible-navy-parktronic
"Kia Optima 2.0 GDI Hibrido Enchufable 205cv Auto 4P # IVA DEDUCIBLE, NAVY, FAROS LED",2390018950,2019,50500,Híbrido,https://autofesa.imgix.net/1031266.jpg?w=768&h=512&q=60&fm=webp,https://www.autofesa.com/coches-de-ocasion/kia/optima/2-0-gdi-hibrido-enchufable-205cv-auto-4p-iva-deducible-navy-faros-led
Kia Picanto 1.0 ECO DYNAMICS X TECH 66CV 5P,7250,2015,63600,Gasolina,https://autofesa.imgix.net/1134494.jpg?w=768&h=512&q=60&fm=webp,https://www.autofesa.com/coches-de-ocasion/kia/picanto/1-0-eco-dynamics-x-tech-66cv-5p
Kia Rio 1.1 CRDI CONCEPT 75CV 5P,7850,2012,56800,Otros,https://autofesa.imgix.net/1154005.jpg?w=768&h=512&q=60&fm=webp,https://www.autofesa.com/coches-de-ocasion/kia/rio/1-1-crdi-concept-75cv-5p
"Kia Rio 1.2 DPI ACTIVE 84CV 5P # IVA DEDUCIBLE,CAMARA TRASERA",12650,2022,44051,Gasolina,https://autofesa.imgix.net/1144582.jpg?w=768&h=512&q=60&fm=webp,https://www.autofesa.com/coches-de-ocasion/kia/rio/1-2-dpi-active-84cv-5p-iva-deducible-camara-trasera
"Kia Sorento 2.2 CRDI 197CV EMOTION AWD AUTO 5P # TECHO ELE PANORAMICO, BOLA, NAVY, CUERO",1345012350,2011,130000,Otros,https://autofesa.imgix.net/1136593.jpg?w=768&h=512&q=60&fm=webp,https://www.autofesa.com/coches-de-ocasion/kia/sorento/2-2-crdi-197cv-emotion-awd-auto-5p-techo-ele-panoramico-bola-navy-cuero
"Kia Sorento 2.2 CRDI 200CH 4X2 7 PLAZAS 5P # TECHO ELE PANORAMICO, NAVY, CUERO",1975016990,2017,140800,Otros,https://autofesa.imgix.net/1121136.jpg?w=768&h=512&q=60&fm=webp,https://www.autofesa.com/coches-de-ocasion/kia/sorento/2-2-crdi-200ch-4x2-7-plazas-5p-techo-ele-panoramico-navy-cuero
"Kia SORENTO 2.2 CRDI 200CV 4X4 7 PLAZAS # TECHO PANORAMICO ELE,CUERO,NAVY,PARKTRONIC",1785016350,2017,174241,Otros,https://autofesa.imgix.net/1145409.jpg?w=768&h=512&q=60&fm=webp,https://www.autofesa.com/coches-de-ocasion/kia/sorento-2-2-crdi-200cv-4x4-7-plazas-techo-panoramico-ele-cuero-navy-parktronic/2-2-crdi-200cv-4x4-7-plazas-techo-panoramico-ele-cuero-navy-parktronic
Kia Soul 1.6 CRDI 128CV 5P,8450,2011,132538,Otros,https://autofesa.imgix.net/1147515.jpg?w=768&h=512&q=60&fm=webp,https://www.autofesa.com/coches-de-ocasion/kia/soul/1-6-crdi-128cv-5p
"Kia SPORTAGE 1.6 HEV TECH 230CV AUTO 5P # GARANTIA FAB 07/2029, IVA DEDUCIBLE, NAVY, PARKTORNIC",3185029850,2022,30900,Híbrido,https://autofesa.imgix.net/1129149.jpg?w=768&h=512&q=60&fm=webp,https://www.autofesa.com/coches-de-ocasion/kia/sportage-1-6-hev-tech-230cv-auto-5p-garantia-fab-07-2029-iva-deducible-navy-parktornic/1-6-hev-tech-230cv-auto-5p-garantia-fab-07-2029-iva-deducible-navy-parktornic
"Kia Sportage 1.7 CDI GT LINE 141cv AUTO 5P # TECHO ELE PANORAMICO, NAVY, CUERO",1765015350,2017,117223,Otros,https://autofesa.imgix.net/1118108.jpg?w=768&h=512&q=60&fm=webp,https://www.autofesa.com/coches-de-ocasion/kia/sportage/1-7-cdi-gt-line-141cv-auto-5p-techo-ele-panoramico-navy-cuero
"Kia Sportage 1.7 CRDI DRIVE 115CV 4X2 5P # TECHO PANORAMICO ELE,ESTRIBOS",9750,2011,148800,Otros,https://autofesa.imgix.net/1151537.jpg?w=768&h=512&q=60&fm=webp,https://www.autofesa.com/coches-de-ocasion/kia/sportage/1-7-crdi-drive-115cv-4x2-5p-techo-panoramico-ele-estribos
"Kia Sportage 1.7CRDI GT LINE 115CV 5P # CUERO, NAVY, PARKTRONIC",14850,2017,131815,Otros,https://autofesa.imgix.net/1152898.jpg?w=768&h=512&q=60&fm=webp,https://www.autofesa.com/coches-de-ocasion/kia/sportage/1-7crdi-gt-line-115cv-5p-cuero-navy-parktronic
"Kia Stonic 1.2 CVVT DRIVE 84CV 5P # NAVY,CAMARA TRASERA,PARKTRONIC",12850,2018,54300,Gasolina,https://autofesa.imgix.net/1151043.jpg?w=768&h=512&q=60&fm=webp,https://www.autofesa.com/coches-de-ocasion/kia/stonic/1-2-cvvt-drive-84cv-5p-navy-camara-trasera-parktronic
"Kia XCEED 1.5 MHEV GT-LINE AUTO 160CV 5P # IVA DEDUCIBLE,TECHO ELE,NAVY,CAMARA TRASERA,AGARANTIA FAB 11/2029",20850,2022,94050,Híbrido,https://autofesa.imgix.net/1149039.jpg?w=768&h=512&q=60&fm=webp,https://www.autofesa.com/coches-de-ocasion/kia/xceed/1-5-mhev-gt-line-auto-160cv-5p-iva-deducible-techo-ele-navy-camara-trasera-agarantia-fab-11-2029
"Lancia Voyager 2.8 CRD GOLD AUTO 163CV 7 PLAZAS 5P # CUERO,PARTKTORNIC",12750,2011,151300,Otros,https://autofesa.imgix.net/1148439.jpg?w=768&h=512&q=60&fm=webp,https://www.autofesa.com/coches-de-ocasion/lancia/voyager-1/2-8-crd-gold-auto-163cv-7-plazas-5p-cuero-partktornic
"Lancia Voyager 2.8CRD AUTO EDICION LIMITADA FAMILY CLASS 178CV 5P 7P #NAVY, PARKTRONIC",15850,2015,157300,Otros,https://autofesa.imgix.net/1150691.jpg?w=768&h=512&q=60&fm=webp,https://www.autofesa.com/coches-de-ocasion/lancia/voyager-1/2-8crd-auto-edicion-limitada-family-class-178cv-5p-7p-navy-parktronic
Land Rover Defender DEFENDER SANTANA 109 DIESEL 61CV 9 PLAZAS 4x4 4P RECIEN RESTAURADO # CUERO,29750,1987,1400,Otros,https://autofesa.imgix.net/1142059.jpg?w=768&h=512&q=60&fm=webp,https://www.autofesa.com/coches-de-ocasion/land-rover/defender/defender-santana-109-diesel-61cv-9-plazas-4x4-4p-recien-restaurado-cuero
"Land Rover Discovery 3.0 TDV6 258 SE AUTO 4X4 5P # CUERO,NAVY",28850,2017,81325,Otros,https://autofesa.imgix.net/1145525.jpg?w=768&h=512&q=60&fm=webp,https://www.autofesa.com/coches-de-ocasion/land-rover/discovery/3-0-tdv6-258-se-auto-4x4-5p-cuero-navy
Land Rover Discovery Sport 1.5 13 PHEV AWD AT 300cv AUTO 5P # IVA DEDUCIBLE,2785025850,2021,67400,Híbrido,https://autofesa.imgix.net/1119038.jpg?w=768&h=512&q=60&fm=webp,https://www.autofesa.com/coches-de-ocasion/land-rover/discovery-sport/1-5-13-phev-awd-at-300cv-auto-5p-iva-deducible
"Land Rover Discovery Sport 2.0 D HYBRID R-DYNAMIC 4X4 AUTO MHEV 150cv 5P # IVA DEDUCIBLE, TECHO PANORAMICO, NAVY, CUERO,",3585028900,2020,35489,Híbrido,https://autofesa.imgix.net/1083296.jpg?w=768&h=512&q=60&fm=webp,https://www.autofesa.com/coches-de-ocasion/land-rover/discovery-sport/2-0-d-hybrid-r-dynamic-4x4-auto-mhev-150cv-5p-iva-deducible-techo-panoramico-navy-cuero
"Land Rover Discovery Sport 2.0d i4 MHEV S R-DYMANIC 150CV 4X4 AUTO 7 PLAZAS 5P # IVA DEDUCIBLE,TECHO PANORAMICO,NAVY",24850,2020,62200,Híbrido,https://autofesa.imgix.net/1150029.jpg?w=768&h=512&q=60&fm=webp,https://www.autofesa.com/coches-de-ocasion/land-rover/discovery-sport/2-0d-i4-mhev-s-r-dymanic-150cv-4x4-auto-7-plazas-5p-iva-deducible-techo-panoramico-navy
"Land Rover Range Rover Evoque 2.0 D 150 MHEV AUTO 4X4 5p # IVA DEDUCIBLE,NAVY,FAROS LED",20850,2020,109000,Otros,https://autofesa.imgix.net/1145580.jpg?w=768&h=512&q=60&fm=webp,https://www.autofesa.com/coches-de-ocasion/land-rover/range-rover-evoque/2-0-d-150-mhev-auto-4x4-5p-iva-deducible-navy-faros-led
"Land Rover Range Rover Evoque 2.0 D HEV 150CV AUTO AWD 5P # IVA DEDUCIBLE,NAVY,CUERO",20950,2020,93000,Híbrido,https://autofesa.imgix.net/1151889.jpg?w=768&h=512&q=60&fm=webp,https://www.autofesa.com/coches-de-ocasion/land-rover/range-rover-evoque/2-0-d-hev-150cv-auto-awd-5p-iva-deducible-navy-cuero
"Land Rover Range Rover Evoque 2.0 P200 MHEV Micro Hibrido 4X4 200cv Auto 5P S/S # IVA DEDUCIBLE, FAROS LED, PARKTRONIC",3280025850,2019,71400,Híbrido,https://autofesa.imgix.net/1032820.jpg?w=768&h=512&q=60&fm=webp,https://www.autofesa.com/coches-de-ocasion/land-rover/range-rover-evoque/2-0-p200-mhev-micro-hibrido-4x4-200cv-auto-5p-s-s-iva-deducible-faros-led-parktronic
"Land Rover Range Rover Evoque 2.0D MHEV R-DYNAMIC SE AUTO 4WD 204CV 5P # IVA DEDUCIBLE, TECHO ELEC PANORAMICO,CUERO,NAVY,BOLA REMOLQUE",28500,2021,64800,Híbrido,https://autofesa.imgix.net/1153632.jpg?w=768&h=512&q=60&fm=webp,https://www.autofesa.com/coches-de-ocasion/land-rover/range-rover-evoque/2-0d-mhev-r-dynamic-se-auto-4wd-204cv-5p-iva-deducible-techo-elec-panoramico-cuero-navy-bola-remolque
"Land Rover Range Rover Evoque D150 R-DYNAMIC S AUTO AWD 150CV 5P # IVA DEDUCIBLE,GPS,TECHO PANORAMICO,",2985027850,2019,65800,Híbrido,https://autofesa.imgix.net/1138952.jpg?w=768&h=512&q=60&fm=webp,https://www.autofesa.com/coches-de-ocasion/land-rover/range-rover-evoque/d150-r-dynamic-s-auto-awd-150cv-5p-iva-deducible-gps-techo-panoramico
Land Rover Range Rover Sport .0 SDV6 306CV 4X4 SE LIMITED AUTO 7PLAZAS 5P,2135020850,2015,176900,Otros,https://autofesa.imgix.net/1130514.jpg?w=768&h=512&q=60&fm=webp,https://www.autofesa.com/coches-de-ocasion/land-rover/range-rover-sport/0-sdv6-306cv-4x4-se-limited-auto-7plazas-5p
"Land Rover Range Rover Sport 2.0 TSE SI4 PHEV SE AUTO 400CV 5P # TECHO ELE PANORAMICO, NAVY, CUERO, FAROS LED",4950047500,2019,38200,Híbrido,https://autofesa.imgix.net/1138217.jpg?w=768&h=512&q=60&fm=webp,https://www.autofesa.com/coches-de-ocasion/land-rover/range-rover-sport/2-0-tse-si4-phev-se-auto-400cv-5p-techo-ele-panoramico-navy-cuero-faros-led
"Land Rover Range Rover Sport 3.0L SDV6 Hybrid HSE 4X4 354cv Auto 5P S/S # NAVY, CUERO, PARKTRONIC",3550028500,2016,110800,Otros,https://autofesa.imgix.net/1037763.jpg?w=768&h=512&q=60&fm=webp,https://www.autofesa.com/coches-de-ocasion/land-rover/range-rover-sport/3-0l-sdv6-hybrid-hse-4x4-354cv-auto-5p-s-s-navy-cuero-parktronic
Land Rover Range Rover Velar 2.0 P300 4WD R-DYNAMIC AUTO 300cv 5P # IVA DEDUCIBLE,3335027900,2020,121200,Gasolina,https://autofesa.imgix.net/1084113.jpg?w=768&h=512&q=60&fm=webp,https://www.autofesa.com/coches-de-ocasion/land-rover/range-rover-velar/2-0-p300-4wd-r-dynamic-auto-300cv-5p-iva-deducible
"Lexus Is 300h 2.5 HYBRID AUTO 224CV 4P # NAVY, PARKTRONIC",19650,2017,143013,Híbrido,https://autofesa.imgix.net/1153378.jpg?w=768&h=512&q=60&fm=webp,https://www.autofesa.com/coches-de-ocasion/lexus/is-300h/2-5-hybrid-auto-224cv-4p-navy-parktronic
"Lexus Nx 300h 2.5L HYBRID 197CV F SPORT 4WD AUTO 5P # TECHO PANORAMICO, NAVY, CUERO",3545033850,2021,92500,Híbrido,https://autofesa.imgix.net/1139218.jpg?w=768&h=512&q=60&fm=webp,https://www.autofesa.com/coches-de-ocasion/lexus/nx-300h/2-5l-hybrid-197cv-f-sport-4wd-auto-5p-techo-panoramico-navy-cuero
"Lexus Nx 300h 2.5L HYBRID EXECUTIVE 4WD AUTO 197CV 5P # CUERO,NAVY,FAROS LED",16900,2015,255000,Híbrido,https://autofesa.imgix.net/1139338.jpg?w=768&h=512&q=60&fm=webp,https://www.autofesa.com/coches-de-ocasion/lexus/nx-300h/2-5l-hybrid-executive-4wd-auto-197cv-5p-cuero-navy-faros-led
"Lexus Rx 450h 3.5 V6 AWD PRESIDENT AUTO 299CV 5P # TECHO ELE,CUERO,NAVY",20900,2013,179700,Híbrido,https://autofesa.imgix.net/1146662.jpg?w=768&h=512&q=60&fm=webp,https://www.autofesa.com/coches-de-ocasion/lexus/rx-450h/3-5-v6-awd-president-auto-299cv-5p-techo-ele-cuero-navy
"Lexus RZ RZ450 e ELECTRICO EXECUTIVE AUTO AWD 204cv 5P #IVA DEDUCIBLE, NAVY, CUERO",5250042850,2024,1100,Otros,https://autofesa.imgix.net/1076160.jpg?w=768&h=512&q=60&fm=webp,https://www.autofesa.com/coches-de-ocasion/lexus/rz/rz450-e-electrico-executive-auto-awd-204cv-5p-iva-deducible-navy-cuero
"Mazda 3 2.0 SKYACTIV-G STYLE 130CV 5P #IVA DEDUCIBLE,PARKTRONIC",12350,2016,128000,Gasolina,https://autofesa.imgix.net/1150140.jpg?w=768&h=512&q=60&fm=webp,https://www.autofesa.com/coches-de-ocasion/mazda/3/2-0-skyactiv-g-style-130cv-5p-iva-deducible-parktronic
"Mazda 6 WAGON 2.2 SKYACTIVE EVOLUTION TECH 150CV 5P S/S # IVA DEDUCIBLE, NAVY, PARKTRONIC, FAROS LED",1680015450,2018,115900,Otros,https://autofesa.imgix.net/1141590.jpg?w=768&h=512&q=60&fm=webp,https://www.autofesa.com/coches-de-ocasion/mazda/6/wagon-2-2-skyactive-evolution-tech-150cv-5p-s-s-iva-deducible-navy-parktronic-faros-led
"Mazda CX-30 2.0 SKYACTIVE-G MHEV EVOLUTION 122CV 5P # IVA DEDUCIBLE, NAVY, PARKTRONIC",18380,2020,103000,Híbrido,https://autofesa.imgix.net/1153557.jpg?w=768&h=512&q=60&fm=webp,https://www.autofesa.com/coches-de-ocasion/mazda/cx-30/2-0-skyactive-g-mhev-evolution-122cv-5p-iva-deducible-navy-parktronic
"Mazda Cx-5 2.0 SKYACTIVE EVOLUTION 165CV AUTO 5P # GARANTIA FA 03/2026,IVA DEDUCIBLE, PARKTRONIC",2450022950,2023,75600,Gasolina,https://autofesa.imgix.net/1135831.jpg?w=768&h=512&q=60&fm=webp,https://www.autofesa.com/coches-de-ocasion/mazda/cx-5/2-0-skyactive-evolution-165cv-auto-5p-garantia-fa-03-2026-iva-deducible-parktronic
"Mazda Cx-5 2.2 SKYACTIV-D AWD SIGNATURE 150CV AUTO 5P # IVA DEDUCIBLE, TECHO ELE, NAVY, CUERO",3150028750,2022,27700,Otros,https://autofesa.imgix.net/1127057.jpg?w=768&h=512&q=60&fm=webp,https://www.autofesa.com/coches-de-ocasion/mazda/cx-5/2-2-skyactiv-d-awd-signature-150cv-auto-5p-iva-deducible-techo-ele-navy-cuero
"Mazda Cx-5 2.2 SKYACTIVE-D AUTO 150CV 2WD 5P # NAVY,CAMARA TRASERA",16850,2017,148500,Otros,https://autofesa.imgix.net/1145884.jpg?w=768&h=512&q=60&fm=webp,https://www.autofesa.com/coches-de-ocasion/mazda/cx-5/2-2-skyactive-d-auto-150cv-2wd-5p-navy-camara-trasera
"Mazda CX-5 2.2D 150cv 4WD AUTO 5P S/S # NAVY, PARKTRONIC",1325012950,2013,136700,Otros,https://autofesa.imgix.net/1143549.jpg?w=768&h=512&q=60&fm=webp,https://www.autofesa.com/coches-de-ocasion/mazda/cx-5-2-2d-150cv-4wd-auto-5p-s-s-navy-parktronic/2-2d-150cv-4wd-auto-5p-s-s-navy-parktronic
"Mazda Cx-5 CX-5 2.0 SKYACTIVE-G AUTO 165CV 2WD 5P # NAVY,FAROS LED,CAMARA 360,PARKTRONIC,HEAD UP DISPLAY",18650,2018,158100,Gasolina,https://autofesa.imgix.net/1146063.jpg?w=768&h=512&q=60&fm=webp,https://www.autofesa.com/coches-de-ocasion/mazda/cx-5/cx-5-2-0-skyactive-g-auto-165cv-2wd-5p-navy-faros-led-camara-360-parktronic-head-up-display
"Mazda MX-30 ELECTRICO E-SKYACTIV PRIME LINE AUTO 145CV 5P # IVA DEDUCIBLE,NAVY,FAROS LED",16850,2022,21198,Otros,https://autofesa.imgix.net/1150864.jpg?w=768&h=512&q=60&fm=webp,https://www.autofesa.com/coches-de-ocasion/mazda/mx-30/electrico-e-skyactiv-prime-line-auto-145cv-5p-iva-deducible-navy-faros-led
Mercedes-benz 280 3.5 200cv Auto 4P # TECHO ELECTRICO,2290018900,1979,111800,Gasolina,https://autofesa.imgix.net/1025957.jpg?w=768&h=512&q=60&fm=webp,https://www.autofesa.com/coches-de-ocasion/mercedes-benz/280/3-5-200cv-auto-4p-techo-electrico
"Mercedes-benz A 180 CLASE A A180 D AMG AUTO 109CV 5P # NAVY, PARKTRONIC",18450,2018,112000,Otros,https://autofesa.imgix.net/1153528.jpg?w=768&h=512&q=60&fm=webp,https://www.autofesa.com/coches-de-ocasion/mercedes-benz/a-180/clase-a-a180-d-amg-auto-109cv-5p-navy-parktronic
"Mercedes-benz A 200 I 163CV STYLE LINE 5P # NAVY, PARKTRONIC",2275020750,2019,63000,Gasolina,https://autofesa.imgix.net/1130140.jpg?w=768&h=512&q=60&fm=webp,https://www.autofesa.com/coches-de-ocasion/mercedes-benz/a-200/i-163cv-style-line-5p-navy-parktronic
"Mercedes-benz A 250 4 MATIC AUTO 224cv 5P # IVA DEDUCIBLE, NAVY",2495022850,2018,87800,Gasolina,https://autofesa.imgix.net/1098173.jpg?w=768&h=512&q=60&fm=webp,https://www.autofesa.com/coches-de-ocasion/mercedes-benz/a-250/4-matic-auto-224cv-5p-iva-deducible-navy
"Mercedes-benz A 250 CLASE A 250e SEDAN AMG LINE AUTO 218CV 4P # NAVY,CAMARA TRASERA",26850,2021,40200,Híbrido,https://autofesa.imgix.net/1147228.jpg?w=768&h=512&q=60&fm=webp,https://www.autofesa.com/coches-de-ocasion/mercedes-benz/a-250/clase-a-250e-sedan-amg-line-auto-218cv-4p-navy-camara-trasera
"Mercedes-benz A180 CLASE A 180 CDI 109CV URBAN 5P S/S # BIXENON, BLUETOOTH",13450,2013,134800,Otros,https://autofesa.imgix.net/1136769.jpg?w=768&h=512&q=60&fm=webp,https://www.autofesa.com/coches-de-ocasion/mercedes-benz/a180/clase-a-180-cdi-109cv-urban-5p-s-s-bixenon-bluetooth
"Mercedes-benz A180 CLASE A 180d 115cv Advantage AUTO S/S #NAVY, CAMARA, LEVAS, BLUETOOTH",18950,2019,114000,Otros,https://autofesa.imgix.net/1148957.jpg?w=768&h=512&q=60&fm=webp,https://www.autofesa.com/coches-de-ocasion/mercedes-benz/a180/clase-a-180d-115cv-advantage-auto-s-s-navy-camara-levas-bluetooth
Mercedes-benz B 180 CDI AUTO 109CV 5P,93508950,2010,152900,Otros,https://autofesa.imgix.net/1140585.jpg?w=768&h=512&q=60&fm=webp,https://www.autofesa.com/coches-de-ocasion/mercedes-benz/b-180/cdi-auto-109cv-5p
"Mercedes-benz B 180 D AMG LINE 109cv AUTO 5P # NAVY, PARKTRONIC",1595014950,2016,132300,Otros,https://autofesa.imgix.net/1108840.jpg?w=768&h=512&q=60&fm=webp,https://www.autofesa.com/coches-de-ocasion/mercedes-benz/b-180/d-amg-line-109cv-auto-5p-navy-parktronic
Mercedes-benz B 180 D CDI 1.5 109cv 5P # PARKTRONIC,1585014850,2017,89300,Otros,https://autofesa.imgix.net/1120834.jpg?w=768&h=512&q=60&fm=webp,https://www.autofesa.com/coches-de-ocasion/mercedes-benz/b-180/d-cdi-1-5-109cv-5p-parktronic
Mercedes-benz B 180 SPORT 109cv 5P # BLUETOOTH,10950,2013,144000,Otros,https://autofesa.imgix.net/1118352.jpg?w=768&h=512&q=60&fm=webp,https://www.autofesa.com/coches-de-ocasion/mercedes-benz/b-180/sport-109cv-5p-bluetooth
"Mercedes-benz B 200 CLASE B 200 AUTO 156CV 5P # CUERO,FAROS LED,PARKTORNIC,CAMARA VISION TRASERA",13850,2015,88900,Gasolina,https://autofesa.imgix.net/1145608.jpg?w=768&h=512&q=60&fm=webp,https://www.autofesa.com/coches-de-ocasion/mercedes-benz/b-200/clase-b-200-auto-156cv-5p-cuero-faros-led-parktornic-camara-vision-trasera
"Mercedes-benz B 200 CLASE B 200 d AMG LINE AUTO 150CV 5P # NAVY,FAROS LED,CAMARA TRASERA",23900,2020,69000,Otros,https://autofesa.imgix.net/1149585.jpg?w=768&h=512&q=60&fm=webp,https://www.autofesa.com/coches-de-ocasion/mercedes-benz/b-200/clase-b-200-d-amg-line-auto-150cv-5p-navy-faros-led-camara-trasera
"Mercedes-benz B 200 CLASE B B 200 CDI 7G AUTO SPORT 136cv 5P # BIXENON,NAVY",1465012950,2014,125800,Otros,https://autofesa.imgix.net/1095832.jpg?w=768&h=512&q=60&fm=webp,https://www.autofesa.com/coches-de-ocasion/mercedes-benz/b-200/clase-b-b-200-cdi-7g-auto-sport-136cv-5p-bixenon-navy
Mercedes-benz C 200 CABRIO HIBRIDO AMG LINE AUTO 184cv 2P # BLUETOOTH,0,2019,0,Híbrido,https://autofesa.imgix.net/1099691.jpg?w=768&h=512&q=60&fm=webp,https://www.autofesa.com/coches-de-ocasion/mercedes-benz/c-200/cabrio-hibrido-amg-line-auto-184cv-2p-bluetooth
"Mercedes-benz C 200 CLASE C 200 D Estate 136cv Auto 5P S/S # NAVY, FAROS LED",1985016450,2016,102900,Otros,https://autofesa.imgix.net/1047139.jpg?w=768&h=512&q=60&fm=webp,https://www.autofesa.com/coches-de-ocasion/mercedes-benz/c-200/clase-c-200-d-estate-136cv-auto-5p-s-s-navy-faros-led
Mercedes-benz C 220 CLASE C 220d 170cv Cabrio AMG Line,3175030250,2018,51800,Otros,https://autofesa.imgix.net/1081338.jpg?w=768&h=512&q=60&fm=webp,https://www.autofesa.com/coches-de-ocasion/mercedes-benz/c-220/clase-c-220d-170cv-cabrio-amg-line
"Mercedes-benz C 220 CLASE C C220 CDI ESTATE 170CV AVANTGARDE AUTO 5P # TECHO ELECTRICO,BIXENON",11380,2011,181000,Otros,https://autofesa.imgix.net/1140393.jpg?w=768&h=512&q=60&fm=webp,https://www.autofesa.com/coches-de-ocasion/mercedes-benz/c-220/clase-c-c220-cdi-estate-170cv-avantgarde-auto-5p-techo-electrico-bixenon
"Mercedes-benz Cla 200 CLASE CLA 200D AMG 136CV 4P # NAVY, PARKTRONIC",15250,2015,228200,Otros,https://autofesa.imgix.net/1153583.jpg?w=768&h=512&q=60&fm=webp,https://www.autofesa.com/coches-de-ocasion/mercedes-benz/cla-200/clase-cla-200d-amg-136cv-4p-navy-parktronic
"Mercedes-benz Cla 200 CLASE CLA 200D URBAN SHOOTING BRAKE 7G-DCT 136CV AUTO 5P S/S # NAVY, FAROS LED, PARKTRONIC",1975019250,2018,118000,Otros,https://autofesa.imgix.net/1141567.jpg?w=768&h=512&q=60&fm=webp,https://www.autofesa.com/coches-de-ocasion/mercedes-benz/cla-200/clase-cla-200d-urban-shooting-brake-7g-dct-136cv-auto-5p-s-s-navy-faros-led-parktronic
"Mercedes-benz CLASE T CLASE T 180D TOURER LARGO 115cv AUTO 5P //VENTA SOLO PROFESIONALES// # IVA DEDUCIBLE, NAVY",2775024900,2023,51000,Otros,https://autofesa.imgix.net/1110667.jpg?w=768&h=512&q=60&fm=webp,https://www.autofesa.com/coches-de-ocasion/mercedes-benz/clase-t/clase-t-180d-tourer-largo-115cv-auto-5p-venta-solo-profesionales-iva-deducible-navy-1
"Mercedes-benz CLASE T CLASE T 180D TOURER LARGO 115cv AUTO 5P //VENTA SOLO PROFESIONALES// # IVA DEDUCIBLE, NAVY",2775024350,2023,54900,Otros,https://autofesa.imgix.net/1110021.jpg?w=768&h=512&q=60&fm=webp,https://www.autofesa.com/coches-de-ocasion/mercedes-benz/clase-t/clase-t-180d-tourer-largo-115cv-auto-5p-venta-solo-profesionales-iva-deducible-navy
"Mercedes-benz CLASE T CLASE T 180D TOURER LARGO 115cv AUTO 5P VENTA SOLO PROFESIONALES # IVA DEDUCIBLE, NAVY",2775024700,2023,55300,Otros,https://autofesa.imgix.net/1109999.jpg?w=768&h=512&q=60&fm=webp,https://www.autofesa.com/coches-de-ocasion/mercedes-benz/clase-t/clase-t-180d-tourer-largo-115cv-auto-5p-venta-solo-profesionales-iva-deducible-navy-2
"Mercedes-benz CLASE T TOURER LARGO 115cv AUTO 5P //VENTA SOLO PROFESIONALES// # IVA DEDUCIBLE, NAVY",24750,2023,51100,Otros,https://autofesa.imgix.net/1122522.jpg?w=768&h=512&q=60&fm=webp,https://www.autofesa.com/coches-de-ocasion/mercedes-benz/clase-t/tourer-largo-115cv-auto-5p-venta-solo-profesionales-iva-deducible-navy
Mercedes-benz CLC 220 CLASE CLC 220 CDI AUTO AMG LINE 3P # CUERO,10800,2009,143000,Otros,https://autofesa.imgix.net/1148905.jpg?w=768&h=512&q=60&fm=webp,https://www.autofesa.com/coches-de-ocasion/mercedes-benz/clc-220/clase-clc-220-cdi-auto-amg-line-3p-cuero
"Mercedes-benz Cls 350 CDI 265cv AMG LINE AUTO 4P # TECHO ELEC, NAVY, CUERO",1695015850,2011,234500,Otros,https://autofesa.imgix.net/1115900.jpg?w=768&h=512&q=60&fm=webp,https://www.autofesa.com/coches-de-ocasion/mercedes-benz/cls-350/cdi-265cv-amg-line-auto-4p-techo-elec-navy-cuero
"Mercedes-benz E 250 CLASE E250 CDI AUTO AMG LINE 4MATIC 204CV 4P # CUERO, TECHO ELEC PANORAMICO, PARKTRONIC",18650,2015,181859,Otros,https://autofesa.imgix.net/1152458.jpg?w=768&h=512&q=60&fm=webp,https://www.autofesa.com/coches-de-ocasion/mercedes-benz/e-250/clase-e250-cdi-auto-amg-line-4matic-204cv-4p-cuero-techo-elec-panoramico-parktronic
"Mercedes-benz E 350 CLASE E 350 CDI AVANTGARDE 258CV AUTO 4P # TECHO PANORAMICO ELE,CUERO,NAVY",2390022300,2014,98409,Otros,https://autofesa.imgix.net/1147655.jpg?w=768&h=512&q=60&fm=webp,https://www.autofesa.com/coches-de-ocasion/mercedes-benz/e-350/clase-e-350-cdi-avantgarde-258cv-auto-4p-techo-panoramico-ele-cuero-navy
"Mercedes-benz Gla 180 CLASE GLA 180 EDITION 122CV AUTO 5P # NAVY,CUERO,FAROS LED,",19850,2019,67900,Gasolina,https://autofesa.imgix.net/1148193.jpg?w=768&h=512&q=60&fm=webp,https://www.autofesa.com/coches-de-ocasion/mercedes-benz/gla-180/clase-gla-180-edition-122cv-auto-5p-navy-cuero-faros-led
"Mercedes-benz Gla 200 CLASE GLA 200 156cv 5P # NAVI, BIXENON,PARKTRONIC",1825016950,2014,78500,Gasolina,https://autofesa.imgix.net/1098735.jpg?w=768&h=512&q=60&fm=webp,https://www.autofesa.com/coches-de-ocasion/mercedes-benz/gla-200/clase-gla-200-156cv-5p-navi-bixenon-parktronic
"Mercedes-benz GLB 200 CLASE GLB 200D AMG LINE 4 MATIC AUTO 150CV 5P #TECHO ELEC PANORAMICO,NAVY,LUCES LED,",33500,2020,61100,Otros,https://autofesa.imgix.net/1153606.jpg?w=768&h=512&q=60&fm=webp,https://www.autofesa.com/coches-de-ocasion/mercedes-benz/glb-200/clase-glb-200d-amg-line-4-matic-auto-150cv-5p-techo-elec-panoramico-navy-luces-led
"Mercedes-benz GLB 220 CLASE GLB 220D 4MATIC AUTO DCT AMG LINE 190CV 5P # IVA DEDUCIBLE,NAVY",35850,2021,79600,Otros,https://autofesa.imgix.net/1151513.jpg?w=768&h=512&q=60&fm=webp,https://www.autofesa.com/coches-de-ocasion/mercedes-benz/glb-220/clase-glb-220d-4matic-auto-dct-amg-line-190cv-5p-iva-deducible-navy
"Mercedes-benz Glc 43 Amg GLC Coupe 43 AMG 4Matic 367cv Auto 5P # TECHO ELEC,NAVY",4585043850,2019,50600,Gasolina,https://autofesa.imgix.net/1082837.jpg?w=768&h=512&q=60&fm=webp,https://www.autofesa.com/coches-de-ocasion/mercedes-benz/glc-43-amg/glc-coupe-43-amg-4matic-367cv-auto-5p-techo-elec-navy
"Mercedes-benz GLE 450 450 4MATIC AUTO AMG LINE 7PLAZAS 5P S/S # IVA DEDUCIBLE, NAVY, CUERO",5685054850,2021,92800,Gasolina,https://autofesa.imgix.net/1141271.jpg?w=768&h=512&q=60&fm=webp,https://www.autofesa.com/coches-de-ocasion/mercedes-benz/gle-450/450-4matic-auto-amg-line-7plazas-5p-s-s-iva-deducible-navy-cuero
"Mercedes-benz Ml 350 CLASE ML 350 4 MATIC AUTO 272CV 5P #CUERO,NAVY, PARKTRONIC",10250,2008,245000,Gasolina,https://autofesa.imgix.net/1152076.jpg?w=768&h=512&q=60&fm=webp,https://www.autofesa.com/coches-de-ocasion/mercedes-benz/ml-350/clase-ml-350-4-matic-auto-272cv-5p-cuero-navy-parktronic
Mercedes-benz Vito ELECTRICO 116cv AUTO 4P,2185019350,2020,8900,Otros,https://autofesa.imgix.net/1104199.jpg?w=768&h=512&q=60&fm=webp,https://www.autofesa.com/coches-de-ocasion/mercedes-benz/vito/electrico-116cv-auto-4p
"Mg Marvel R R EV 2WD COMFORT 180CV 5P AUTO # IVA DEDUCIBLE, TECHO, CUERO",3050022850,2021,39100,Otros,https://autofesa.imgix.net/1052639.jpg?w=768&h=512&q=60&fm=webp,https://www.autofesa.com/coches-de-ocasion/mg/marvel-r/r-ev-2wd-comfort-180cv-5p-auto-iva-deducible-techo-cuero
Mg MG3 1.5 L HYBRID 195 CH COMFORT 5P,17250,2024,9900,Híbrido,https://autofesa.imgix.net/1128894.jpg?w=768&h=512&q=60&fm=webp,https://www.autofesa.com/coches-de-ocasion/mg/mg3/1-5-l-hybrid-195-ch-comfort-5p
"Mg MG3 1.5 L HYBRID 195 CH COMFORT 5P # GARANTIA FAB 12/2031, IVA DEDUCIBLE, NAVY",17250,2024,11899,Híbrido,https://autofesa.imgix.net/1144436.jpg?w=768&h=512&q=60&fm=webp,https://www.autofesa.com/coches-de-ocasion/mg/mg3/1-5-l-hybrid-195-ch-comfort-5p-garantia-fab-12-2031-iva-deducible-navy
"Mini Cooper Clubman 2.0D 150cv 5P # NAVY, CUERO",1635014850,2016,83428,Otros,https://autofesa.imgix.net/1088889.jpg?w=768&h=512&q=60&fm=webp,https://www.autofesa.com/coches-de-ocasion/mini/cooper-clubman/2-0d-150cv-5p-navy-cuero
"Mini Cooper Countryman 1.6 D ALL4 PACK RED HOT CHILI 112CV # TECHO PANORAMICO ELE,NAVY,PARKTRONIC",10350,2012,186514,Otros,https://autofesa.imgix.net/1144734.jpg?w=768&h=512&q=60&fm=webp,https://www.autofesa.com/coches-de-ocasion/mini/cooper-countryman/1-6-d-all4-pack-red-hot-chili-112cv-techo-panoramico-ele-navy-parktronic
Mini Cooper D 1.5 115CV AUTO 3P S/S # PARKTRONIC,12750,2014,114500,Otros,https://autofesa.imgix.net/1139996.jpg?w=768&h=512&q=60&fm=webp,https://www.autofesa.com/coches-de-ocasion/mini/cooper-d/1-5-115cv-auto-3p-s-s-parktronic
"Mini Cooper D Clubman COOPER D 2.0 D 150CV 5P # IVA DEDUCIBLE,TECHO PANORAMICO ELED,NAVY,PARKTRONIC",17850,2019,118511,Otros,https://autofesa.imgix.net/1149409.jpg?w=768&h=512&q=60&fm=webp,https://www.autofesa.com/coches-de-ocasion/mini/cooper-d-clubman/cooper-d-2-0-d-150cv-5p-iva-deducible-techo-panoramico-eled-navy-parktronic
"Mini Cooper S Countryman 1.6 184CV AUTO 5P # TECHO ELE PANORAMICO, CUERO, PARKTRONIC",12900,2012,100700,Gasolina,https://autofesa.imgix.net/1142650.jpg?w=768&h=512&q=60&fm=webp,https://www.autofesa.com/coches-de-ocasion/mini/cooper-s-countryman/1-6-184cv-auto-5p-techo-ele-panoramico-cuero-parktronic
"Mini Cooper SD Clubman 2.0 190CV CHILI 5P # TECHO ELE PANORAMICO, NAVY, CUERO",14950,2017,149800,Otros,https://autofesa.imgix.net/1135534.jpg?w=768&h=512&q=60&fm=webp,https://www.autofesa.com/coches-de-ocasion/mini/cooper-sd-clubman/2-0-190cv-chili-5p-techo-ele-panoramico-navy-cuero
"Mini Cooper SE COOPER SE ELECTRICO FINITION 184CV AUTO 3P # TECHO PANORAMICO ELE,NAVY,CUERO",18450,2021,34000,Otros,https://autofesa.imgix.net/1148587.jpg?w=768&h=512&q=60&fm=webp,https://www.autofesa.com/coches-de-ocasion/mini/cooper-se/cooper-se-electrico-finition-184cv-auto-3p-techo-panoramico-ele-navy-cuero
"Mini Cooper SE ELECTRICO AUTO 184cv 3P # IVA DEDUCIBLE, NAVY",2435019500,2023,12400,Otros,https://autofesa.imgix.net/1097065.jpg?w=768&h=512&q=60&fm=webp,https://www.autofesa.com/coches-de-ocasion/mini/cooper-se/electrico-auto-184cv-3p-iva-deducible-navy-2
"Mini One D Clubman 1.5 116CV AUTO 5P # IVA DEDUCIBLE, NAVY",1975017400,2021,114200,Otros,https://autofesa.imgix.net/1126277.jpg?w=768&h=512&q=60&fm=webp,https://www.autofesa.com/coches-de-ocasion/mini/one-d-clubman/1-5-116cv-auto-5p-iva-deducible-navy
Mitsubishi Asx 180DI-D CHALLENGE 116CV 5P # PARKTRONIC,1145010990,2014,105900,Otros,https://autofesa.imgix.net/1140908.jpg?w=768&h=512&q=60&fm=webp,https://www.autofesa.com/coches-de-ocasion/mitsubishi/asx/180di-d-challenge-116cv-5p-parktronic
Mitsubishi Outlander 2.0 PHEV 121CV 4WD AUTO 5P # CAMARA TRASERA,1175011350,2015,285100,Híbrido,https://autofesa.imgix.net/1131676.jpg?w=768&h=512&q=60&fm=webp,https://www.autofesa.com/coches-de-ocasion/mitsubishi/outlander/2-0-phev-121cv-4wd-auto-5p-camara-trasera
"Mitsubishi Outlander OUTLANDER 2.4 PHEV 4WD AUTO KAITEKI 218CV 5P # TECHO ELE,CUERO,NAVY",21850,2020,86700,Híbrido,https://autofesa.imgix.net/1146595.jpg?w=768&h=512&q=60&fm=webp,https://www.autofesa.com/coches-de-ocasion/mitsubishi/outlander/outlander-2-4-phev-4wd-auto-kaiteki-218cv-5p-techo-ele-cuero-navy
Nissan E-nv200 Electrico Furgo 109cv Plus Auto,119509900,2017,84500,Otros,https://autofesa.imgix.net/1087772.jpg?w=768&h=512&q=60&fm=webp,https://www.autofesa.com/coches-de-ocasion/nissan/e-nv200/electrico-furgo-109cv-plus-auto
"Nissan Juke 1.0 DIG-T N-CONNECTA AUTO 114cv 5P # IVA DEDUCIBLE, GARANTIA FAB 03/2027, NAVY",2165018450,2024,27100,Gasolina,https://autofesa.imgix.net/1090645.jpg?w=768&h=512&q=60&fm=webp,https://www.autofesa.com/coches-de-ocasion/nissan/juke/1-0-dig-t-n-connecta-auto-114cv-5p-iva-deducible-garantia-fab-03-2027-navy
"Nissan Juke 1.6 NCONNECTA 4X2 X TRONIC 117CV 4X2 5P # NAVY,CAMARA TRASERA,",12350,2017,74400,Gasolina,https://autofesa.imgix.net/1141064.jpg?w=768&h=512&q=60&fm=webp,https://www.autofesa.com/coches-de-ocasion/nissan/juke/1-6-nconnecta-4x2-x-tronic-117cv-4x2-5p-navy-camara-trasera
"Nissan Juke JUKE 1.5 DCI 110CV TEKNA 5P # NAVY,CAMARA TRASERA",12750,2017,73818,Otros,https://autofesa.imgix.net/1143471.jpg?w=768&h=512&q=60&fm=webp,https://www.autofesa.com/coches-de-ocasion/nissan/juke/juke-1-5-dci-110cv-tekna-5p-navy-camara-trasera
"Nissan Leaf 40KWH ELECTRICO TEKNA AUTO 150CV 5P # NAVY,PARKTRONIC",15750,2021,27086,Otros,https://autofesa.imgix.net/1146471.jpg?w=768&h=512&q=60&fm=webp,https://www.autofesa.com/coches-de-ocasion/nissan/leaf/40kwh-electrico-tekna-auto-150cv-5p-navy-parktronic
Nissan Micra 1.2I ACENTA PLUS 80CV 5P # PARKTRONIC,8250,2014,54122,Gasolina,https://autofesa.imgix.net/1144563.jpg?w=768&h=512&q=60&fm=webp,https://www.autofesa.com/coches-de-ocasion/nissan/micra/1-2i-acenta-plus-80cv-5p-parktronic
Nissan Micra 1.5 DCI 90cv N CONNECTA 5P # NAVY,0,2012,0,Otros,https://autofesa.imgix.net/1118162.jpg?w=768&h=512&q=60&fm=webp,https://www.autofesa.com/coches-de-ocasion/nissan/micra/1-5-dci-90cv-n-connecta-5p-navy
Nissan Micra 1.5DCI 68CV 5P,3650,2006,156000,Otros,https://autofesa.imgix.net/1153119.jpg?w=768&h=512&q=60&fm=webp,https://www.autofesa.com/coches-de-ocasion/nissan/micra/1-5dci-68cv-5p
Nissan Navara 2.3 DCI Doble Cabina 4X4 163cv 4P # BOLA REMOLQUE,1690015900,2016,190200,Otros,https://autofesa.imgix.net/1015338.jpg?w=768&h=512&q=60&fm=webp,https://www.autofesa.com/coches-de-ocasion/nissan/navara/2-3-dci-doble-cabina-4x4-163cv-4p-bola-remolque
"Nissan Navara 2.3DCI 4WD 160CV VISIA 4P S/S # IVA DEDUCIBLE, BLUETOOTH",2285020900,2018,74800,Otros,https://autofesa.imgix.net/1141868.jpg?w=768&h=512&q=60&fm=webp,https://www.autofesa.com/coches-de-ocasion/nissan/navara/2-3dci-4wd-160cv-visia-4p-s-s-iva-deducible-bluetooth
"Nissan Note 1.5 DCI 90CV TEKNA 5P # NAVY,PARKTRONIC",73506990,2013,136702,Otros,https://autofesa.imgix.net/1146570.jpg?w=768&h=512&q=60&fm=webp,https://www.autofesa.com/coches-de-ocasion/nissan/note/1-5-dci-90cv-tekna-5p-navy-parktronic
"Nissan NV300 2.0 DCI COMBI L2H1 N-CONNECTA 150CV 9 PLAZAS 5P # IVA DEDUCIBLE,CAMARA TRASERA,PARKTRONIC",27750,2021,103400,Otros,https://autofesa.imgix.net/1152704.jpg?w=768&h=512&q=60&fm=webp,https://www.autofesa.com/coches-de-ocasion/nissan/nv300/2-0-dci-combi-l2h1-n-connecta-150cv-9-plazas-5p-iva-deducible-camara-trasera-parktronic
"Nissan Pathfinder 3.0 DCI V6 LE 4X4 231CV 7PLAZAS 5P #CUERO, TECHO ELEC, NAVY",16350,2011,206010,Otros,https://autofesa.imgix.net/1153921.jpg?w=768&h=512&q=60&fm=webp,https://www.autofesa.com/coches-de-ocasion/nissan/pathfinder/3-0-dci-v6-le-4x4-231cv-7plazas-5p-cuero-techo-elec-navy
"Nissan Qashqai 1.3 MHEV XTRONIC ACENTA AUTO 158CV 5P #IVA DEDUCIBLE, PARKTRONIC",20900,2021,40100,Híbrido,https://autofesa.imgix.net/1153754.jpg?w=768&h=512&q=60&fm=webp,https://www.autofesa.com/coches-de-ocasion/nissan/qashqai/1-3-mhev-xtronic-acenta-auto-158cv-5p-iva-deducible-parktronic
"Nissan Qashqai 1.5DCI N-CONNECT 115CV 5P # TECHO PANORAMICO, NAVY, PARKTRONIC",16850,2019,74727,Otros,https://autofesa.imgix.net/1152923.jpg?w=768&h=512&q=60&fm=webp,https://www.autofesa.com/coches-de-ocasion/nissan/qashqai/1-5dci-n-connect-115cv-5p-techo-panoramico-navy-parktronic
"Nissan Qashqai 1.6 DCI 130CV TEKNA 5P # NAVY,CUERO,FAROS LED,CAMARA 360",1525013950,2016,90300,Otros,https://autofesa.imgix.net/1150192.jpg?w=768&h=512&q=60&fm=webp,https://www.autofesa.com/coches-de-ocasion/nissan/qashqai/1-6-dci-130cv-tekna-5p-navy-cuero-faros-led-camara-360
"Nissan Qashqai 2 1.6 DCI NCONNECTA 131CV 7 PLAZAS 5P # TECHO PANORAMICO, PARKTRONIC",10950,2012,154200,Otros,https://autofesa.imgix.net/1152193.jpg?w=768&h=512&q=60&fm=webp,https://www.autofesa.com/coches-de-ocasion/nissan/qashqai-2-1/1-6-dci-nconnecta-131cv-7-plazas-5p-techo-panoramico-parktronic
"Nissan X-trail 2.0 DCI AUTO TEKNA 177CV 4X4 5P #CUERO,TECHO ELEC PANORAMICO,NAVY",17750,2017,98300,Otros,https://autofesa.imgix.net/1153305.jpg?w=768&h=512&q=60&fm=webp,https://www.autofesa.com/coches-de-ocasion/nissan/x-trail/2-0-dci-auto-tekna-177cv-4x4-5p-cuero-techo-elec-panoramico-navy
"Nissan X-trail XTRAIL 1.6 DCI 130CV NCONNECTA 7 PLAZAS 5P # TECHO PANORAMICO ELE,NAVY,CAMAR 360",15350,2017,139575,Otros,https://autofesa.imgix.net/1139692.jpg?w=768&h=512&q=60&fm=webp,https://www.autofesa.com/coches-de-ocasion/nissan/x-trail/xtrail-1-6-dci-130cv-nconnecta-7-plazas-5p-techo-panoramico-ele-navy-camar-360
"Opel Antara 2.0 CDTI COSMO PLUS 4WD 150CV 5P # CUERO,PARKTRONIC",8950,2008,88000,Otros,https://autofesa.imgix.net/1154114.jpg?w=768&h=512&q=60&fm=webp,https://www.autofesa.com/coches-de-ocasion/opel/antara/2-0-cdti-cosmo-plus-4wd-150cv-5p-cuero-parktronic
Opel Astra 1.2T ELEGANCE 130cv 5P # IVA DEDUCIBLE,1845015950,2023,19700,Gasolina,https://autofesa.imgix.net/1094290.jpg?w=768&h=512&q=60&fm=webp,https://www.autofesa.com/coches-de-ocasion/opel/astra/1-2t-elegance-130cv-5p-iva-deducible-1
"Opel Astra 1.2T ULTIMATE 145cv 5P # NAVY, PARKTRONIC",1450012350,2019,63000,Gasolina,https://autofesa.imgix.net/1120786.jpg?w=768&h=512&q=60&fm=webp,https://www.autofesa.com/coches-de-ocasion/opel/astra/1-2t-ultimate-145cv-5p-navy-parktronic
"Opel Astra 1.4T EXELLENCE 140CV 4P # NAVY, PARKTRONIC",104509990,2013,60000,Gasolina,https://autofesa.imgix.net/1140886.jpg?w=768&h=512&q=60&fm=webp,https://www.autofesa.com/coches-de-ocasion/opel/astra/1-4t-exellence-140cv-4p-navy-parktronic
Opel Astra 1.6i INSTALACION GAS GLP 115cv Enjoy 5p # BLUETOOTH,86507450,2011,161590,Otros,https://autofesa.imgix.net/935188.jpg?w=768&h=512&q=60&fm=webp,https://www.autofesa.com/coches-de-ocasion/opel/astra/1-6i-instalacion-gas-glp-115cv-enjoy-5p-bluetooth
Opel Astra 1.7 TDCI SELECTIVE 110CV 5P,6950,2012,129000,Otros,https://autofesa.imgix.net/1145558.jpg?w=768&h=512&q=60&fm=webp,https://www.autofesa.com/coches-de-ocasion/opel/astra/1-7-tdci-selective-110cv-5p
Opel Astra SPORTS TOURER 1.5 D 122CV 5P,12350,2019,80179,Otros,https://autofesa.imgix.net/1145928.jpg?w=768&h=512&q=60&fm=webp,https://www.autofesa.com/coches-de-ocasion/opel/astra/sports-tourer-1-5-d-122cv-5p
Opel Astra ST 1.6 CDTI BUSINESS 110cv 5P # PARKTRONIC,1085010450,2018,103570,Otros,https://autofesa.imgix.net/1101694.jpg?w=768&h=512&q=60&fm=webp,https://www.autofesa.com/coches-de-ocasion/opel/astra/st-1-6-cdti-business-110cv-5p-parktronic
"Opel Combo CARGO EXPRESS 1.5 TD 1000 KG 100CV 3P S/S # IVA DEDUCIBLE, BLUETOOTH",10950,2021,108200,Otros,https://autofesa.imgix.net/1143949.jpg?w=768&h=512&q=60&fm=webp,https://www.autofesa.com/coches-de-ocasion/opel/combo/cargo-express-1-5-td-1000-kg-100cv-3p-s-s-iva-deducible-bluetooth
"Opel Combo CARGO EXPRESS 1.5 TD 100CV 3P # IVA DEDUCIBLE,",12900,2019,20885,Otros,https://autofesa.imgix.net/1150389.jpg?w=768&h=512&q=60&fm=webp,https://www.autofesa.com/coches-de-ocasion/opel/combo/cargo-express-1-5-td-100cv-3p-iva-deducible
Opel Combo LARGO 1.5 75cv 5P # IVA DEDUCIBLE,1295011650,2021,75900,Otros,https://autofesa.imgix.net/1118085.jpg?w=768&h=512&q=60&fm=webp,https://www.autofesa.com/coches-de-ocasion/opel/combo/largo-1-5-75cv-5p-iva-deducible
Opel Corsa 1.2T EDITION 100CV 5P,10780,2020,54500,Gasolina,https://autofesa.imgix.net/1146195.jpg?w=768&h=512&q=60&fm=webp,https://www.autofesa.com/coches-de-ocasion/opel/corsa/1-2t-edition-100cv-5p
Opel Corsa 1.3 CDTI 95CV COLOR EDITION 5P #NAVY,4750,2011,212000,Otros,https://autofesa.imgix.net/1147540.jpg?w=768&h=512&q=60&fm=webp,https://www.autofesa.com/coches-de-ocasion/opel/corsa/1-3-cdti-95cv-color-edition-5p-navy
Opel Crossland 1.2 EDITION 110CV 5P # NAVY,11350,2022,78500,Gasolina,https://autofesa.imgix.net/1125799.jpg?w=768&h=512&q=60&fm=webp,https://www.autofesa.com/coches-de-ocasion/opel/crossland/1-2-edition-110cv-5p-navy
"Opel GRANDLAND 1.2 T GS LINE AUTO 130CV # NAVY,FAROS LED,CAMARA TRASERA",17850,2022,49500,Gasolina,https://autofesa.imgix.net/1146167.jpg?w=768&h=512&q=60&fm=webp,https://www.autofesa.com/coches-de-ocasion/opel/grandland/1-2-t-gs-line-auto-130cv-navy-faros-led-camara-trasera
Opel Grandland X 1.2 T 130CV 5P # IVA DEDUCIBLE,1945016900,2023,10400,Gasolina,https://autofesa.imgix.net/1124819.jpg?w=768&h=512&q=60&fm=webp,https://www.autofesa.com/coches-de-ocasion/opel/grandland-x/1-2-t-130cv-5p-iva-deducible
"Opel Insignia 1.6 CDTI GRAND SPORT TURBO D 136CV 5P # PARKTRONIC, LIBRO",8350,2017,199300,Otros,https://autofesa.imgix.net/1152362.jpg?w=768&h=512&q=60&fm=webp,https://www.autofesa.com/coches-de-ocasion/opel/insignia/1-6-cdti-grand-sport-turbo-d-136cv-5p-parktronic-libro
"Opel Insignia 2.0CDTI AUT COSMO 160CV 4P #CUERO, NAVY, PARKTRONIC",7850,2012,156000,Otros,https://autofesa.imgix.net/1152386.jpg?w=768&h=512&q=60&fm=webp,https://www.autofesa.com/coches-de-ocasion/opel/insignia/2-0cdti-aut-cosmo-160cv-4p-cuero-navy-parktronic
"Opel Insignia Country Tourer 2.0 CDTI 4X4 170cv 5P S/S # NAVY, CUERO, BIXENON ,CAMARA TRASERA",1685013450,2016,102476,Otros,https://autofesa.imgix.net/982935.jpg?w=768&h=512&q=60&fm=webp,https://www.autofesa.com/coches-de-ocasion/opel/insignia/country-tourer-2-0-cdti-4x4-170cv-5p-s-s-navy-cuero-bixenon-camara-trasera
"Opel Insignia SPORT TOURER 1.6 TDI 136cv ECOTEC SELECTIVE AUTO 5P S/S # NAVY, PARKTRONIC",1095010750,2018,184000,Otros,https://autofesa.imgix.net/1137957.jpg?w=768&h=512&q=60&fm=webp,https://www.autofesa.com/coches-de-ocasion/opel/insignia/sport-tourer-1-6-tdi-136cv-ecotec-selective-auto-5p-s-s-navy-parktronic
"Opel Insignia SPORTS TOURER 1.6CDTI INNOVATION 110cv 5P # IVA DEDUCIBLE, NAVY",1435011750,2019,118500,Otros,https://autofesa.imgix.net/1098842.jpg?w=768&h=512&q=60&fm=webp,https://www.autofesa.com/coches-de-ocasion/opel/insignia/sports-tourer-1-6cdti-innovation-110cv-5p-iva-deducible-navy
Opel KARL 1.0 ROCKS 73CV 5P 1.0 ROCKS 73CV 5P,95009250,2018,46217,Gasolina,https://autofesa.imgix.net/1142025.jpg?w=768&h=512&q=60&fm=webp,https://www.autofesa.com/coches-de-ocasion/opel/karl-1-0-rocks-73cv-5p/1-0-rocks-73cv-5p
Opel Meriva 1.4 TURBO 120CV COSMO 5P # PARKTRONIC,8250,2013,67400,Gasolina,https://autofesa.imgix.net/1143162.jpg?w=768&h=512&q=60&fm=webp,https://www.autofesa.com/coches-de-ocasion/opel/meriva/1-4-turbo-120cv-cosmo-5p-parktronic
"Opel Meriva 1.4 TWINPORT 120CV COSMO BA AUTO 5P # NAVY, CUERO, PARKTRONIC",8900,2014,108800,Gasolina,https://autofesa.imgix.net/1131317.jpg?w=768&h=512&q=60&fm=webp,https://www.autofesa.com/coches-de-ocasion/opel/meriva/1-4-twinport-120cv-cosmo-ba-auto-5p-navy-cuero-parktronic
Opel Mokka 1.7 CDTI 4x4 136cv 5P # PARKTRONIC,103507950,2015,180000,Otros,https://autofesa.imgix.net/1061237.jpg?w=768&h=512&q=60&fm=webp,https://www.autofesa.com/coches-de-ocasion/opel/mokka/1-7-cdti-4x4-136cv-5p-parktronic
"Opel Mokka X 1.4T 120 ANIVERSARIO 140cv 5P # IVA DEDUCIBLE, NAVY",1335011950,2019,81000,Gasolina,https://autofesa.imgix.net/1090693.jpg?w=768&h=512&q=60&fm=webp,https://www.autofesa.com/coches-de-ocasion/opel/mokka-x/1-4t-120-aniversario-140cv-5p-iva-deducible-navy-1
"Opel Mokka X 1.4T 120 ANIVERSARIO 140cv 5P # IVA DEDUCIBLE, NAVY",1335011950,2019,84100,Gasolina,https://autofesa.imgix.net/1090605.jpg?w=768&h=512&q=60&fm=webp,https://www.autofesa.com/coches-de-ocasion/opel/mokka-x/1-4t-120-aniversario-140cv-5p-iva-deducible-navy
"Opel Mokka X 1.4T 120 ANIVERSARIO 140cv 5P # IVA DEDUCIBLE, NAVY",1335011950,2019,80900,Gasolina,https://autofesa.imgix.net/1092369.jpg?w=768&h=512&q=60&fm=webp,https://www.autofesa.com/coches-de-ocasion/opel/mokka-x/1-4t-120-aniversario-140cv-5p-iva-deducible-navy-2
"Opel Movano FURGON 2.3 L2H2 35T 130cv 4P # IVA DEDUCIBLE,NAVY, BLUETOOTH",2250018500,2019,63900,Otros,https://autofesa.imgix.net/991279.jpg?w=768&h=512&q=60&fm=webp,https://www.autofesa.com/coches-de-ocasion/opel/movano/furgon-2-3-l2h2-35t-130cv-4p-iva-deducible-navy-bluetooth
Opel Tigra CABRIO TWINTOP 1.8 16V 125CV SPORT 2P,6250,2005,83500,Gasolina,https://autofesa.imgix.net/1135640.jpg?w=768&h=512&q=60&fm=webp,https://www.autofesa.com/coches-de-ocasion/opel/tigra/cabrio-twintop-1-8-16v-125cv-sport-2p
"Opel Vivaro VIVARO FURGO CARGA 2.0 DIESEL L2 120CV 3P # IVA DEDUCIBLE,PARKTRONIC",15900,2021,81000,Otros,https://autofesa.imgix.net/1149365.jpg?w=768&h=512&q=60&fm=webp,https://www.autofesa.com/coches-de-ocasion/opel/vivaro/vivaro-furgo-carga-2-0-diesel-l2-120cv-3p-iva-deducible-parktronic
"Opel Zafira 1.6 TURBO 200CV EXCELLENCE 7 PLAZAS 5P #TECHO PANORAMICO, NAVY,PARKTRONIC",13900,2017,115200,Gasolina,https://autofesa.imgix.net/1148614.jpg?w=768&h=512&q=60&fm=webp,https://www.autofesa.com/coches-de-ocasion/opel/zafira/1-6-turbo-200cv-excellence-7-plazas-5p-techo-panoramico-navy-parktronic
"Opel Zafira EXCELLENCE 1.6 CDTI 136CV 5 PLAZAS 5P # IVA DEDUCIBLE,NAVY",12350,2019,111622,Otros,https://autofesa.imgix.net/1148367.jpg?w=768&h=512&q=60&fm=webp,https://www.autofesa.com/coches-de-ocasion/opel/zafira/excellence-1-6-cdti-136cv-5-plazas-5p-iva-deducible-navy
"Opel Zafira LIFE 2.0 CDTI 150CV INNOVATION 8PLAZAS 5P # NAVY, PARKTRONIC",2690024900,2020,97700,Otros,https://autofesa.imgix.net/1135486.jpg?w=768&h=512&q=60&fm=webp,https://www.autofesa.com/coches-de-ocasion/opel/zafira/life-2-0-cdti-150cv-innovation-8plazas-5p-navy-parktronic
Peugeot 108 TOP 1.2 ALLURE 82CV 5P # TECHO,78507450,2015,57462,Gasolina,https://autofesa.imgix.net/1139591.jpg?w=768&h=512&q=60&fm=webp,https://www.autofesa.com/coches-de-ocasion/peugeot/108/top-1-2-allure-82cv-5p-techo
"Peugeot 2008 1.2 130CV GT LINE 5P S/S # NAVY, PARKTRONIC, BLUETOOTH",11250,2017,35000,Gasolina,https://autofesa.imgix.net/1136570.jpg?w=768&h=512&q=60&fm=webp,https://www.autofesa.com/coches-de-ocasion/peugeot/2008/1-2-130cv-gt-line-5p-s-s-navy-parktronic-bluetooth
Peugeot 2008 1.2 ALLURE 82CV 5P # PARKTRONIC,7750,2015,96900,Gasolina,https://autofesa.imgix.net/1150535.jpg?w=768&h=512&q=60&fm=webp,https://www.autofesa.com/coches-de-ocasion/peugeot/2008/1-2-allure-82cv-5p-parktronic
"Peugeot 2008 1.2 AUTO GT LINE 110CV 5P #NAVY, PARKTRONIC",9250,2016,67049,Gasolina,https://autofesa.imgix.net/1153047.jpg?w=768&h=512&q=60&fm=webp,https://www.autofesa.com/coches-de-ocasion/peugeot/2008/1-2-auto-gt-line-110cv-5p-navy-parktronic
"Peugeot 2008 1.2 PURETECH 130CV ALLURE 5P # NAVY,PARKTRONIC",8450,2016,70132,Gasolina,https://autofesa.imgix.net/1148991.jpg?w=768&h=512&q=60&fm=webp,https://www.autofesa.com/coches-de-ocasion/peugeot/2008/1-2-puretech-130cv-allure-5p-navy-parktronic-1
"Peugeot 2008 1.2 PureTech GT LINE 130cv 5P # NAVY, PARKTRONIC",97508350,2016,98800,Gasolina,https://autofesa.imgix.net/1111041.jpg?w=768&h=512&q=60&fm=webp,https://www.autofesa.com/coches-de-ocasion/peugeot/2008/1-2-puretech-gt-line-130cv-5p-navy-parktronic
"Peugeot 2008 1.5 BLUEHDI 100CV ALLURE 5P # NAVY,PARKTRONIC",98509450,2018,131325,Otros,https://autofesa.imgix.net/1142399.jpg?w=768&h=512&q=60&fm=webp,https://www.autofesa.com/coches-de-ocasion/peugeot/2008-1-5-bluehdi-100cv-allure-5p-navy-parktronic/1-5-bluehdi-100cv-allure-5p-navy-parktronic
"Peugeot 2008 1.5 HDI GT LINE 100CV 5P #NAVY, PARKTRONIC",15950,2020,96517,Otros,https://autofesa.imgix.net/1152823.jpg?w=768&h=512&q=60&fm=webp,https://www.autofesa.com/coches-de-ocasion/peugeot/2008/1-5-hdi-gt-line-100cv-5p-navy-parktronic
Peugeot 2008 ALLURE ELECTRICO AUTO 136cv 5P # NAVY,1875015900,2022,37300,Otros,https://autofesa.imgix.net/1095011.jpg?w=768&h=512&q=60&fm=webp,https://www.autofesa.com/coches-de-ocasion/peugeot/2008/allure-electrico-auto-136cv-5p-navy
Peugeot 207 1.6 CABRIO COUPE 120CV 2P,4450,2007,147624,Gasolina,https://autofesa.imgix.net/1153212.jpg?w=768&h=512&q=60&fm=webp,https://www.autofesa.com/coches-de-ocasion/peugeot/207/1-6-cabrio-coupe-120cv-2p
Peugeot 208 1.2 110CV ALLURE AUTO 5P S/S # NAVY,9650,2018,81200,Gasolina,https://autofesa.imgix.net/1143251.jpg?w=768&h=512&q=60&fm=webp,https://www.autofesa.com/coches-de-ocasion/peugeot/208/1-2-110cv-allure-auto-5p-s-s-navy
Peugeot 208 1.2 75CV LIKE 5P,9450,2020,49200,Gasolina,https://autofesa.imgix.net/1143205.jpg?w=768&h=512&q=60&fm=webp,https://www.autofesa.com/coches-de-ocasion/peugeot/208/1-2-75cv-like-5p
"Peugeot 208 1.2 82CV SIGNATURE 5P S/S # PARKTRONIC, BLUETOOTH",8450,2019,67300,Gasolina,https://autofesa.imgix.net/1141660.jpg?w=768&h=512&q=60&fm=webp,https://www.autofesa.com/coches-de-ocasion/peugeot/208/1-2-82cv-signature-5p-s-s-parktronic-bluetooth
Peugeot 208 1.2 ALLURE 100CV 5P #PARKTRONIC,11850,2021,41896,Gasolina,https://autofesa.imgix.net/1152976.jpg?w=768&h=512&q=60&fm=webp,https://www.autofesa.com/coches-de-ocasion/peugeot/208/1-2-allure-100cv-5p-parktronic
"Peugeot 208 1.2 PURETECH 110cv GT LINE 3P # NAVY,PARKTRONIC",108508450,2017,95926,Gasolina,https://autofesa.imgix.net/1058914.jpg?w=768&h=512&q=60&fm=webp,https://www.autofesa.com/coches-de-ocasion/peugeot/208/1-2-puretech-110cv-gt-line-3p-navy-parktronic
"Peugeot 208 1.2 PURETECH 82CV STYLE 5P # NAVY,PARKTRONIC",85007990,2018,64913,Gasolina,https://autofesa.imgix.net/1147110.jpg?w=768&h=512&q=60&fm=webp,https://www.autofesa.com/coches-de-ocasion/peugeot/208-1-2-puretech-82cv-style-5p-navy-parktronic/1-2-puretech-82cv-style-5p-navy-parktronic
Peugeot 208 1.2 STYLE 82CV 5P # NAVY,8150,2016,66070,Gasolina,https://autofesa.imgix.net/1147419.jpg?w=768&h=512&q=60&fm=webp,https://www.autofesa.com/coches-de-ocasion/peugeot/208/1-2-style-82cv-5p-navy
Peugeot 208 1.2 VTI 82CV ALLURE 5P # BLUETOOTH,83507950,2014,42400,Gasolina,https://autofesa.imgix.net/1136185.jpg?w=768&h=512&q=60&fm=webp,https://www.autofesa.com/coches-de-ocasion/peugeot/208/1-2-vti-82cv-allure-5p-bluetooth
"Peugeot 208 1.5 BLUEHDI ACTIVE 100CV 5P # IVA DEDUCIBLE,NAVY,PARKTRONIC",11850,2022,55268,Otros,https://autofesa.imgix.net/1139667.jpg?w=768&h=512&q=60&fm=webp,https://www.autofesa.com/coches-de-ocasion/peugeot/208/1-5-bluehdi-active-100cv-5p-iva-deducible-navy-parktronic
"Peugeot 3008 1.2 PURETECH 130CV GT LINE 5P # TECHO PANORAMICO ELE,NAVY,",13900,2018,78822,Gasolina,https://autofesa.imgix.net/1148391.jpg?w=768&h=512&q=60&fm=webp,https://www.autofesa.com/coches-de-ocasion/peugeot/3008/1-2-puretech-130cv-gt-line-5p-techo-panoramico-ele-navy
"Peugeot 3008 1.5 BLUE HDI 130CV GT LINE 5P # IVA DEDUCIBLE, NAVY",1645014990,2018,99300,Otros,https://autofesa.imgix.net/1122693.jpg?w=768&h=512&q=60&fm=webp,https://www.autofesa.com/coches-de-ocasion/peugeot/3008/1-5-blue-hdi-130cv-gt-line-5p-iva-deducible-navy
"Peugeot 3008 1.5 BLUEHADI 130CV ACTIVE PACK 5P # IVA DEDUCIBLE, PARKTRONIC",16900,2021,61300,Otros,https://autofesa.imgix.net/1139020.jpg?w=768&h=512&q=60&fm=webp,https://www.autofesa.com/coches-de-ocasion/peugeot/3008/1-5-bluehadi-130cv-active-pack-5p-iva-deducible-parktronic
"Peugeot 3008 1.5 HDI GT LINE AUTO 130CV 5P #TECHO ELEC PANORAMICO, LUCES LED, NAVY",16350,2018,67300,Otros,https://autofesa.imgix.net/1153461.jpg?w=768&h=512&q=60&fm=webp,https://www.autofesa.com/coches-de-ocasion/peugeot/3008/1-5-hdi-gt-line-auto-130cv-5p-techo-elec-panoramico-luces-led-navy
"Peugeot 3008 CROSSWAY 1.2 130CV AUTO 5P S/S # NAVY, PARKTRONIC",1565014250,2017,77500,Gasolina,https://autofesa.imgix.net/1136510.jpg?w=768&h=512&q=60&fm=webp,https://www.autofesa.com/coches-de-ocasion/peugeot/3008/crossway-1-2-130cv-auto-5p-s-s-navy-parktronic
Peugeot 308 1.2 110CV ALLURE 5P,9350,2016,52195,Gasolina,https://autofesa.imgix.net/1147441.jpg?w=768&h=512&q=60&fm=webp,https://www.autofesa.com/coches-de-ocasion/peugeot/308/1-2-110cv-allure-5p
"Peugeot 308 1.2 GT 130CV AUTO 5P # NAVY,FAROS LED,LEVAS EN VOLANTE,CAMARA TRASERA",1985017900,2022,50509,Gasolina,https://autofesa.imgix.net/1126394.jpg?w=768&h=512&q=60&fm=webp,https://www.autofesa.com/coches-de-ocasion/peugeot/308/1-2-gt-130cv-auto-5p-navy-faros-led-levas-en-volante-camara-trasera
"Peugeot 308 1.2 GT LINE 130CV 5P # TECHO PANORAMICO,NAVY,FAROS LED",11850,2018,87300,Gasolina,https://autofesa.imgix.net/1142350.jpg?w=768&h=512&q=60&fm=webp,https://www.autofesa.com/coches-de-ocasion/peugeot/308/1-2-gt-line-130cv-5p-techo-panoramico-navy-faros-led
"Peugeot 308 1.2 PURETECH 110CV ACTIVE 5P # NAVY,PARKTRONIC",7950,2019,102455,Gasolina,https://autofesa.imgix.net/1146723.jpg?w=768&h=512&q=60&fm=webp,https://www.autofesa.com/coches-de-ocasion/peugeot/308-1-2-puretech-110cv-active-5p-navy-parktronic/1-2-puretech-110cv-active-5p-navy-parktronic
Peugeot 308 1.5 BLUEHDI STYLE 100CV 5P # PARKTRONIC,119009900,2019,98200,Otros,https://autofesa.imgix.net/1123601.jpg?w=768&h=512&q=60&fm=webp,https://www.autofesa.com/coches-de-ocasion/peugeot/308/1-5-bluehdi-style-100cv-5p-parktronic
Peugeot 308 1.6 HDI SPORT 6V 110cv 5P,68005950,2009,108400,Otros,https://autofesa.imgix.net/1114809.jpg?w=768&h=512&q=60&fm=webp,https://www.autofesa.com/coches-de-ocasion/peugeot/308/1-6-hdi-sport-6v-110cv-5p
"Peugeot 308 2.0 BLUEHDI 150CV ALLURE 5P # NAVY,PARKTRONIC",11850,2015,118642,Otros,https://autofesa.imgix.net/1154074.jpg?w=768&h=512&q=60&fm=webp,https://www.autofesa.com/coches-de-ocasion/peugeot/308/2-0-bluehdi-150cv-allure-5p-navy-parktronic
"Peugeot 308 SW 1.2 130CV AUTO ALLURE 5P # TECHO PANORAMICO, NAVY, FAROS LED",10850,2016,62990,Gasolina,https://autofesa.imgix.net/1144388.jpg?w=768&h=512&q=60&fm=webp,https://www.autofesa.com/coches-de-ocasion/peugeot/308/sw-1-2-130cv-auto-allure-5p-techo-panoramico-navy-faros-led
"Peugeot 308 SW 1.2 Style 130cv EAT6 5P S/S # NAVY, PARKTRONIC",136509950,2016,84000,Gasolina,https://autofesa.imgix.net/1026815.jpg?w=768&h=512&q=60&fm=webp,https://www.autofesa.com/coches-de-ocasion/peugeot/308/sw-1-2-style-130cv-eat6-5p-s-s-navy-parktronic
Peugeot 406 2.0HDI 110CV 5P,2750,2003,225000,Otros,https://autofesa.imgix.net/1151841.jpg?w=768&h=512&q=60&fm=webp,https://www.autofesa.com/coches-de-ocasion/peugeot/406/2-0hdi-110cv-5p
"Peugeot 5008 1.2 PURETECH ALLURE AUTO 130CV 7 PLAZAS 5P # NAVY,CAMRA TRASERA,PARKTRONIC",15850,2018,84747,Gasolina,https://autofesa.imgix.net/1144605.jpg?w=768&h=512&q=60&fm=webp,https://www.autofesa.com/coches-de-ocasion/peugeot/5008/1-2-puretech-allure-auto-130cv-7-plazas-5p-navy-camra-trasera-parktronic
"Peugeot 5008 1.2 PURETECH AUTO ACTIVE PACK 130CV 7 PLAZAS # NAVY,FAROS ELD,CAMARA TRASERA",21950,2023,14800,Gasolina,https://autofesa.imgix.net/1144633.jpg?w=768&h=512&q=60&fm=webp,https://www.autofesa.com/coches-de-ocasion/peugeot/5008/1-2-puretech-auto-active-pack-130cv-7-plazas-navy-faros-eld-camara-trasera
"Peugeot 5008 5008 BLUEHDI GT LINE 130CV S/S 7 PLAZAS 5P # NAVY,FAROS LED,CAMARA TRASERA,PARKTRONIC",1695015350,2018,128000,Otros,https://autofesa.imgix.net/1144952.jpg?w=768&h=512&q=60&fm=webp,https://www.autofesa.com/coches-de-ocasion/peugeot/5008/5008-bluehdi-gt-line-130cv-s-s-7-plazas-5p-navy-faros-led-camara-trasera-parktronic
"Peugeot 508 1.6L Hibrido Enchufable Auto EAT8 Pack Allure 225cv 5P # IVA DEDUCIBLE,NAVY,PARKTRONIC",2290019900,2022,90000,Híbrido,https://autofesa.imgix.net/1068706.jpg?w=768&h=512&q=60&fm=webp,https://www.autofesa.com/coches-de-ocasion/peugeot/508/1-6l-hibrido-enchufable-auto-eat8-pack-allure-225cv-5p-iva-deducible-navy-parktronic
"Peugeot 508 GT 1.6 Hibrido Enchufable Auto 180cv 5P # NAVY,FAROS LED,PARKTRONIC,CAMARA TRASERA",2335020990,2020,70300,Híbrido,https://autofesa.imgix.net/1102732.jpg?w=768&h=512&q=60&fm=webp,https://www.autofesa.com/coches-de-ocasion/peugeot/508/gt-1-6-hibrido-enchufable-auto-180cv-5p-navy-faros-led-parktronic-camara-trasera
"Peugeot 508 SW 2.0 HDI 180CV ALLURE AUTO 5P S/S # TECHO PANORAMICO, NAVY",1145010990,2014,146300,Otros,https://autofesa.imgix.net/1142253.jpg?w=768&h=512&q=60&fm=webp,https://www.autofesa.com/coches-de-ocasion/peugeot/508/sw-2-0-hdi-180cv-allure-auto-5p-s-s-techo-panoramico-navy
"Peugeot 807 2.0 HDI ACTIVE 136CV 5P# NAVY, PARKTRONIC",8450,2013,158900,Otros,https://autofesa.imgix.net/1151271.jpg?w=768&h=512&q=60&fm=webp,https://www.autofesa.com/coches-de-ocasion/peugeot/807/2-0-hdi-active-136cv-5p-navy-parktronic
"Peugeot Boxer 435 L2S BLUEHDI 140CV 2P # IVA DEDUCIBLE,NAVY",22650,2020,113032,Otros,https://autofesa.imgix.net/1143452.jpg?w=768&h=512&q=60&fm=webp,https://www.autofesa.com/coches-de-ocasion/peugeot/boxer/435-l2s-bluehdi-140cv-2p-iva-deducible-navy
"Peugeot Boxer FURGON 2.2 BLUEHDI 330 L1H1 120CV 4P # IVA DEDUCIBLE, BLUETOOTH",15850,2020,96700,Otros,https://autofesa.imgix.net/1130673.jpg?w=768&h=512&q=60&fm=webp,https://www.autofesa.com/coches-de-ocasion/peugeot/boxer/furgon-2-2-bluehdi-330-l1h1-120cv-4p-iva-deducible-bluetooth
Peugeot Boxer FURGON 2.2 PACK 330 L1H1 120CV 4P # BLUETOOTH,1875016950,2021,46000,Otros,https://autofesa.imgix.net/1128063.jpg?w=768&h=512&q=60&fm=webp,https://www.autofesa.com/coches-de-ocasion/peugeot/boxer/furgon-2-2-pack-330-l1h1-120cv-4p-bluetooth
Peugeot E-208 Electrico Allure 50KW 136cv Auto 5P # FAROS LED,1765015350,2020,55800,Otros,https://autofesa.imgix.net/1043681.jpg?w=768&h=512&q=60&fm=webp,https://www.autofesa.com/coches-de-ocasion/peugeot/e-208/electrico-allure-50kw-136cv-auto-5p-faros-led
"Peugeot Expert 1.6 BLUEHDI COMBI 5 Plazas STANDARD 120cv 4P # IVA DEDUCIBLE,PARKTRONIC",2165019300,2019,49400,Otros,https://autofesa.imgix.net/1104276.jpg?w=768&h=512&q=60&fm=webp,https://www.autofesa.com/coches-de-ocasion/peugeot/expert/1-6-bluehdi-combi-5-plazas-standard-120cv-4p-iva-deducible-parktronic
Peugeot Ion Electrique Active 67cv Auto 5P # IVA DEDUCIBLE,94506850,2017,20400,Otros,https://autofesa.imgix.net/983382.jpg?w=768&h=512&q=60&fm=webp,https://www.autofesa.com/coches-de-ocasion/peugeot/ion/electrique-active-67cv-auto-5p-iva-deducible
"Peugeot Partner Combi 1.6 HDI 100cv 5P S/S # IVA DEDUCIBLE, NAVY",0,2020,0,Otros,https://autofesa.imgix.net/1041687.jpg?w=768&h=512&q=60&fm=webp,https://www.autofesa.com/coches-de-ocasion/peugeot/partner/combi-1-6-hdi-100cv-5p-s-s-iva-deducible-navy
Peugeot Partner FURGO 1.6 BLUEHDI 100CV 3P,8650,2019,152000,Otros,https://autofesa.imgix.net/1150408.jpg?w=768&h=512&q=60&fm=webp,https://www.autofesa.com/coches-de-ocasion/peugeot/partner/furgo-1-6-bluehdi-100cv-3p
Peugeot Partner TEPEE 1.2 110CV ACTIVE 5P # PARKTORNIC,10500,2016,87800,Gasolina,https://autofesa.imgix.net/1145154.jpg?w=768&h=512&q=60&fm=webp,https://www.autofesa.com/coches-de-ocasion/peugeot/partner/tepee-1-2-110cv-active-5p-parktornic
"Peugeot Partner TEPEE 1.2 110CV STYLE 5P S/S # BLUETOOT, PARKTRONIC",9250,2016,128500,Gasolina,https://autofesa.imgix.net/1142195.jpg?w=768&h=512&q=60&fm=webp,https://www.autofesa.com/coches-de-ocasion/peugeot/partner/tepee-1-2-110cv-style-5p-s-s-bluetoot-parktronic
"Peugeot RCZ 1.6THP 156CV 2P # PARKTRONIC, BLUETOOTH",11850,2013,125500,Gasolina,https://autofesa.imgix.net/1135107.jpg?w=768&h=512&q=60&fm=webp,https://www.autofesa.com/coches-de-ocasion/peugeot/rcz-1-6thp-156cv-2p-parktronic-bluetooth/1-6thp-156cv-2p-parktronic-bluetooth
Peugeot Rifter 1.2 PURETECH 110CV ACTIVE 5P # PARKTRONIC,13850,2019,54789,Gasolina,https://autofesa.imgix.net/1147564.jpg?w=768&h=512&q=60&fm=webp,https://www.autofesa.com/coches-de-ocasion/peugeot/rifter/1-2-puretech-110cv-active-5p-parktronic
"Peugeot Rifter 1.5 HDI 102CV ACTIVE 4P S/S # IVA DEDUCIBLE, BLUETOOTH",13850,2021,86400,Otros,https://autofesa.imgix.net/1142140.jpg?w=768&h=512&q=60&fm=webp,https://www.autofesa.com/coches-de-ocasion/peugeot/rifter/1-5-hdi-102cv-active-4p-s-s-iva-deducible-bluetooth
"Porsche 911 CARRERA 911 CABRIO PDK AUTO 370CV 2P #CAPOTA ROJA,NAVY,LIBRO REVISION",96350,2017,53100,Gasolina,https://autofesa.imgix.net/1148263.jpg?w=768&h=512&q=60&fm=webp,https://www.autofesa.com/coches-de-ocasion/porsche/911/carrera-911-cabrio-pdk-auto-370cv-2p-capota-roja-navy-libro-revision
"Porsche Macan 3.0 340CV AUTO 5P # TECHO ELE PANORAMICO, NAVY, CUERO, LIBRO DE REVISIONES",3585033850,2015,107500,Gasolina,https://autofesa.imgix.net/1128113.jpg?w=768&h=512&q=60&fm=webp,https://www.autofesa.com/coches-de-ocasion/porsche/macan/3-0-340cv-auto-5p-techo-ele-panoramico-navy-cuero-libro-de-revisiones
"Renault ARKANA 1.3 HYBRID EVOLUTION AUTO 140CV 5P #IVA DEDUCIBLE, NAVY, PARKTRONIC,",20850,2024,46502,Híbrido,https://autofesa.imgix.net/1151394.jpg?w=768&h=512&q=60&fm=webp,https://www.autofesa.com/coches-de-ocasion/renault/arkana/1-3-hybrid-evolution-auto-140cv-5p-iva-deducible-navy-parktronic
"Renault ARKANA 1.3 TCE EVOLUTION HYBRID MHEV AUTO 140CV 5P # NAVY,FAROS LED",18850,2023,52941,Híbrido,https://autofesa.imgix.net/1151725.jpg?w=768&h=512&q=60&fm=webp,https://www.autofesa.com/coches-de-ocasion/renault/arkana/1-3-tce-evolution-hybrid-mhev-auto-140cv-5p-navy-faros-led
"Renault ARKANA 1.3 TCE MHEV 140CV EVOLUTION AUTO 5P # IVA DEDUCIBLE,NAVY,FAROS LED",17850,2023,59100,Híbrido,https://autofesa.imgix.net/1145468.jpg?w=768&h=512&q=60&fm=webp,https://www.autofesa.com/coches-de-ocasion/renault/arkana-1-3-tce-mhev-140cv-evolution-auto-5p-iva-deducible-navy-faros-led/1-3-tce-mhev-140cv-evolution-auto-5p-iva-deducible-navy-faros-led
Renault clio 1.5 DCI DYMAMIC 90CV 5P,7350,2012,53000,Otros,https://autofesa.imgix.net/1152409.jpg?w=768&h=512&q=60&fm=webp,https://www.autofesa.com/coches-de-ocasion/renault/clio/1-5-dci-dymamic-90cv-5p
"Renault clio 1.6 E TECH AUTO INTENS 140CV 5P # NAVY, PARKTRONIC",16250,2022,60011,Híbrido,https://autofesa.imgix.net/1152799.jpg?w=768&h=512&q=60&fm=webp,https://www.autofesa.com/coches-de-ocasion/renault/clio/1-6-e-tech-auto-intens-140cv-5p-navy-parktronic
"Renault Espace 2.0 BLUE DCI 160CV ZEN EDC AUTO 7PLAZAS 5P # IVA DEDUCIBLE, TECHO,NAVY",2285020900,2020,108900,Otros,https://autofesa.imgix.net/1134676.jpg?w=768&h=512&q=60&fm=webp,https://www.autofesa.com/coches-de-ocasion/renault/espace/2-0-blue-dci-160cv-zen-edc-auto-7plazas-5p-iva-deducible-techo-navy
Renault Express EXPRESS ADVANCE 1.5 DCI 95CV 3P # IVA DEDUCIBLE,1585014350,2022,52222,Otros,https://autofesa.imgix.net/1133009.jpg?w=768&h=512&q=60&fm=webp,https://www.autofesa.com/coches-de-ocasion/renault/express/express-advance-1-5-dci-95cv-3p-iva-deducible
Renault Grand Scenic 1.2 TCE 115CV 7 PLAZAS 5P # BLUETOOTH,109509950,2016,107900,Gasolina,https://autofesa.imgix.net/1140833.jpg?w=768&h=512&q=60&fm=webp,https://www.autofesa.com/coches-de-ocasion/renault/grand-scenic/1-2-tce-115cv-7-plazas-5p-bluetooth
Renault Grand Scenic 1.5 ENERGY LIFE 110cv 5P # BLUETOOTH,118509950,2018,168300,Otros,https://autofesa.imgix.net/1095063.jpg?w=768&h=512&q=60&fm=webp,https://www.autofesa.com/coches-de-ocasion/renault/grand-scenic/1-5-energy-life-110cv-5p-bluetooth
"Renault Kadjar 1.2 TCE 130CV BOSE EDITION AUTO 5P # NAVY,CUERO,CAMARA TRASERA",13580,2016,78063,Gasolina,https://autofesa.imgix.net/1145213.jpg?w=768&h=512&q=60&fm=webp,https://www.autofesa.com/coches-de-ocasion/renault/kadjar/1-2-tce-130cv-bose-edition-auto-5p-navy-cuero-camara-trasera
"Renault Kadjar 1.3 TCE 140CV TECHNO AUTO 5P # NAVY,FAROS LED,CAMARA TRASERA",2285020450,2022,32772,Gasolina,https://autofesa.imgix.net/1133726.jpg?w=768&h=512&q=60&fm=webp,https://www.autofesa.com/coches-de-ocasion/renault/kadjar/1-3-tce-140cv-techno-auto-5p-navy-faros-led-camara-trasera
"Renault Kadjar 1.5 BLUE DCI ZEN AUTO EDC 115CV 5P # NAVY,PARKTRONIC",1795016350,2020,70500,Otros,https://autofesa.imgix.net/1145363.jpg?w=768&h=512&q=60&fm=webp,https://www.autofesa.com/coches-de-ocasion/renault/kadjar/1-5-blue-dci-zen-auto-edc-115cv-5p-navy-parktronic
"Renault Koleos 2.0 DCI AUTO INITIALE PARIS 175CV AWD 5P # CUERO, NAVY, PARKTRONIC",19900,2018,127500,Otros,https://autofesa.imgix.net/1151748.jpg?w=768&h=512&q=60&fm=webp,https://www.autofesa.com/coches-de-ocasion/renault/koleos/2-0-dci-auto-initiale-paris-175cv-awd-5p-cuero-navy-parktronic
"Renault Koleos TCE 160CV AUTO INTENS 4X2 5P # NAVY,CUERO,FAROS LED,PARKTRONIC",23750,2021,62176,Gasolina,https://autofesa.imgix.net/1149667.jpg?w=768&h=512&q=60&fm=webp,https://www.autofesa.com/coches-de-ocasion/renault/koleos/tce-160cv-auto-intens-4x2-5p-navy-cuero-faros-led-parktronic
"Renault Laguna 2.0 DCI BOSE EDITION 130CV 5P # NAVY, PARKTRONIC,SONIDO BOSE",9450,2014,134868,Otros,https://autofesa.imgix.net/1150276.jpg?w=768&h=512&q=60&fm=webp,https://www.autofesa.com/coches-de-ocasion/renault/laguna/2-0-dci-bose-edition-130cv-5p-navy-parktronic-sonido-bose
"Renault Laguna COUPE 1.5 DCI 110CV BLACK EDITION 3P # PARKTRONIC, BLUETOOTH",8750,2014,134600,Otros,https://autofesa.imgix.net/1133563.jpg?w=768&h=512&q=60&fm=webp,https://www.autofesa.com/coches-de-ocasion/renault/laguna/coupe-1-5-dci-110cv-black-edition-3p-parktronic-bluetooth
"Renault Megane 1.2 TCE 130CV INTENS 5P # NAVY,PARKTRONIC,CAMARA TRASERA",1085010450,2016,132100,Gasolina,https://autofesa.imgix.net/1147204.jpg?w=768&h=512&q=60&fm=webp,https://www.autofesa.com/coches-de-ocasion/renault/megane/1-2-tce-130cv-intens-5p-navy-parktronic-camara-trasera
Renault Megane 1.5 BLUE DCI 115CV BUSINESS 5P # BLUETOOTH,15850,2021,31000,Otros,https://autofesa.imgix.net/1135513.jpg?w=768&h=512&q=60&fm=webp,https://www.autofesa.com/coches-de-ocasion/renault/megane/1-5-blue-dci-115cv-business-5p-bluetooth
"Renault Megane 1.5 DCI INTENS 115CV 5P #PARKTRONIC,LUCES LED",13800,2021,82093,Otros,https://autofesa.imgix.net/1152334.jpg?w=768&h=512&q=60&fm=webp,https://www.autofesa.com/coches-de-ocasion/renault/megane/1-5-dci-intens-115cv-5p-parktronic-luces-led
"Renault Megane 1.6 DCI GT LINE 165cv Auto 5P S/S # , NAVY, TECHO ELECTRICO, FAROS LED",1875015950,2018,112693,Otros,https://autofesa.imgix.net/1041742.jpg?w=768&h=512&q=60&fm=webp,https://www.autofesa.com/coches-de-ocasion/renault/megane/1-6-dci-gt-line-165cv-auto-5p-s-s-navy-techo-electrico-faros-led
"Renault Megane 1.6 E TECH PLUG IN 160CV AUTO 5P # IVA DEDUCIBLE, NAVY",14850,2021,114900,Híbrido,https://autofesa.imgix.net/1130004.jpg?w=768&h=512&q=60&fm=webp,https://www.autofesa.com/coches-de-ocasion/renault/megane/1-6-e-tech-plug-in-160cv-auto-5p-iva-deducible-navy
"Renault Megane 1.6 SPORT TOURER E-TECH 160CV AUTO 5P # NAVY, PARKTRONIC. FAROS LED",1875017250,2020,39800,Híbrido,https://autofesa.imgix.net/1135242.jpg?w=768&h=512&q=60&fm=webp,https://www.autofesa.com/coches-de-ocasion/renault/megane/1-6-sport-tourer-e-tech-160cv-auto-5p-navy-parktronic-faros-led
"Renault Megane E-Tech E-TECH EV60 AUTO 218CV 5P # IVA DEDUCIBLE, NAVY, PARKTRONIC",21850,2023,42800,Otros,https://autofesa.imgix.net/1153857.jpg?w=768&h=512&q=60&fm=webp,https://www.autofesa.com/coches-de-ocasion/renault/megane-e-tech/e-tech-ev60-auto-218cv-5p-iva-deducible-navy-parktronic
"Renault Megane ESTATE 1.6 E-TECH PLUG IN 160CV AUTO 5P # IVA DEDUCIBLE,NAVY,FAROS LED",1565013850,2020,117729,Híbrido,https://autofesa.imgix.net/1102356.jpg?w=768&h=512&q=60&fm=webp,https://www.autofesa.com/coches-de-ocasion/renault/megane/estate-1-6-e-tech-plug-in-160cv-auto-5p-iva-deducible-navy-faros-led
"Renault Megane RS 2 COUPE 2.0 265cv 3P # IVA DEDUCIBLE, NAVY",2535024350,2019,43400,Gasolina,https://autofesa.imgix.net/1105379.jpg?w=768&h=512&q=60&fm=webp,https://www.autofesa.com/coches-de-ocasion/renault/megane/rs-2-coupe-2-0-265cv-3p-iva-deducible-navy
"Renault Megane SPORT TOURER 1.6 DCI 130cv GT LINE 5P # IVA DEDUCIBLE, NAVY",1320012450,2018,140900,Otros,https://autofesa.imgix.net/1117375.jpg?w=768&h=512&q=60&fm=webp,https://www.autofesa.com/coches-de-ocasion/renault/megane/sport-tourer-1-6-dci-130cv-gt-line-5p-iva-deducible-navy
"Renault Scenic 1.5 DCI XMOD 110cv 5P # NAVY,PARKTRONIC",87507950,2013,153500,Otros,https://autofesa.imgix.net/1116108.jpg?w=768&h=512&q=60&fm=webp,https://www.autofesa.com/coches-de-ocasion/renault/scenic/1-5-dci-xmod-110cv-5p-navy-parktronic
"Renault Scenic 1.6 DCI 160CV AUTO EDITION ONE 5P #TECHO PANORAMICO,NAVY,PARKTRONIC",15850,2016,97593,Otros,https://autofesa.imgix.net/1146746.jpg?w=768&h=512&q=60&fm=webp,https://www.autofesa.com/coches-de-ocasion/renault/scenic/1-6-dci-160cv-auto-edition-one-5p-techo-panoramico-navy-parktronic
"Renault Scenic 1.7 DCI 120CV INTENS AUTO 5P S/S # NAVY, PARKTRONIC, FAROS LED",1865016950,2020,83000,Otros,https://autofesa.imgix.net/1137305.jpg?w=768&h=512&q=60&fm=webp,https://www.autofesa.com/coches-de-ocasion/renault/scenic/1-7-dci-120cv-intens-auto-5p-s-s-navy-parktronic-faros-led
"Renault Talisman 2.0 BLUE DCI 160CV BUSINESS EDC AUTO 4P # IVA DEDUCIBLE, NAVY",1635015350,2019,91800,Otros,https://autofesa.imgix.net/1139148.jpg?w=768&h=512&q=60&fm=webp,https://www.autofesa.com/coches-de-ocasion/renault/talisman/2-0-blue-dci-160cv-business-edc-auto-4p-iva-deducible-navy
"Renault Trafic 2.0 DCI L2H1 130CV 4P VENTA SOLO A PROFESIONALES # IVA DEDUCIBLE, PARKTRONIC",24850,2023,34880,Otros,https://autofesa.imgix.net/1151772.jpg?w=768&h=512&q=60&fm=webp,https://www.autofesa.com/coches-de-ocasion/renault/trafic/2-0-dci-l2h1-130cv-4p-venta-solo-a-profesionales-iva-deducible-parktronic
"Renault Trafic L2H1 120CV GRAND CONFORT VENTA SOLO PROFESIONALES # IVA DEDUCIBLE, PARKTRONIC,CAMARA TRASERA",19950,2021,118322,Otros,https://autofesa.imgix.net/1151022.jpg?w=768&h=512&q=60&fm=webp,https://www.autofesa.com/coches-de-ocasion/renault/trafic/l2h1-120cv-grand-confort-venta-solo-profesionales-iva-deducible-parktronic-camara-trasera
Renault Twingo 0.9 TCE 90cv INTENS 5P # PARKTRONIC,88507950,2017,91400,Gasolina,https://autofesa.imgix.net/1119736.jpg?w=768&h=512&q=60&fm=webp,https://www.autofesa.com/coches-de-ocasion/renault/twingo/0-9-tce-90cv-intens-5p-parktronic
"Renault Twingo E-TECH TECHNO 81CV AUTO 5P # IVA DEDUCIBLE,NAVY",12350,2022,21155,Otros,https://autofesa.imgix.net/1148169.jpg?w=768&h=512&q=60&fm=webp,https://www.autofesa.com/coches-de-ocasion/renault/twingo/e-tech-techno-81cv-auto-5p-iva-deducible-navy
Renault Wind 1.2 100CV 2P,7390,2011,95000,Gasolina,https://autofesa.imgix.net/1147159.jpg?w=768&h=512&q=60&fm=webp,https://www.autofesa.com/coches-de-ocasion/renault/wind/1-2-100cv-2p
Renault ZOE Electric 109cv Limited 5p Aut.,1685011990,2018,16921,Otros,https://autofesa.imgix.net/1102694.jpg?w=768&h=512&q=60&fm=webp,https://www.autofesa.com/coches-de-ocasion/renault/zoe/electric-109cv-limited-5p-aut
"Seat Alhambra 1.4 TSI ITECH 150CV 7 PLAZAS 5P # TECHO ELE PANORAMICO, BOLA, NAVY",1690016500,2015,141100,Gasolina,https://autofesa.imgix.net/1122847.jpg?w=768&h=512&q=60&fm=webp,https://www.autofesa.com/coches-de-ocasion/seat/alhambra/1-4-tsi-itech-150cv-7-plazas-5p-techo-ele-panoramico-bola-navy
Seat Alhambra 1.9 TDI 115CV 6 PLAZAS 5P,3950,2003,195900,Otros,https://autofesa.imgix.net/1151817.jpg?w=768&h=512&q=60&fm=webp,https://www.autofesa.com/coches-de-ocasion/seat/alhambra/1-9-tdi-115cv-6-plazas-5p
"Seat Altea Xl 1.2 TSI 4KIDS 105CV 5P # NAVY,PARKTRONIC",6650,2013,140250,Gasolina,https://autofesa.imgix.net/1154189.jpg?w=768&h=512&q=60&fm=webp,https://www.autofesa.com/coches-de-ocasion/seat/altea-xl/1-2-tsi-4kids-105cv-5p-navy-parktronic
"Seat Ateca 1.4 XCELLENCE 150CV 5P # PARKTRONIC, FAROS LED",1675015500,2018,89200,Gasolina,https://autofesa.imgix.net/1132604.jpg?w=768&h=512&q=60&fm=webp,https://www.autofesa.com/coches-de-ocasion/seat/ateca/1-4-xcellence-150cv-5p-parktronic-faros-led
"Seat Ateca 1.5 ECO TSI STYLE XL 150cv 5P # IVA DEDUCIBLE, NAVY",2145018900,2023,55607,Gasolina,https://autofesa.imgix.net/1120856.jpg?w=768&h=512&q=60&fm=webp,https://www.autofesa.com/coches-de-ocasion/seat/ateca/1-5-eco-tsi-style-xl-150cv-5p-iva-deducible-navy-1
"Seat Ibiza 1.0 TGI GNC FR XL 90CV 5P # NAVY,FAROS LED,PARKTRONIC",13950,2020,94700,Otros,https://autofesa.imgix.net/1144768.jpg?w=768&h=512&q=60&fm=webp,https://www.autofesa.com/coches-de-ocasion/seat/ibiza/1-0-tgi-gnc-fr-xl-90cv-5p-navy-faros-led-parktronic
Seat Ibiza 1.2 TSI STYLE 85cv 5p,5800,2013,212850,Gasolina,https://autofesa.imgix.net/1150561.jpg?w=768&h=512&q=60&fm=webp,https://www.autofesa.com/coches-de-ocasion/seat/ibiza/1-2-tsi-style-85cv-5p
"Seat Leon 1.5 TGI GAS GNC AUTO FAST EDITION FR 130CV 5P # TECHO ELEC, NAVY, PARKTRONIC",13850,2020,109000,Otros,https://autofesa.imgix.net/1152726.jpg?w=768&h=512&q=60&fm=webp,https://www.autofesa.com/coches-de-ocasion/seat/leon/1-5-tgi-gas-gnc-auto-fast-edition-fr-130cv-5p-techo-elec-navy-parktronic
"Seat Leon 1.5 TSI SPORT TOURER FR GOL L 150cv 5P # TECHO ELEC PANORAMICO, NAVY",2335020450,2022,14020,Gasolina,https://autofesa.imgix.net/1081933.jpg?w=768&h=512&q=60&fm=webp,https://www.autofesa.com/coches-de-ocasion/seat/leon/1-5-tsi-sport-tourer-fr-gol-l-150cv-5p-techo-elec-panoramico-navy
"Seat Leon ST 1.5 TGI DSG-7 XCELLENCE 130CV 5P # IVA DEDUCIBLE,CAMARA TRASERA",14800,2020,61400,Otros,https://autofesa.imgix.net/1147585.jpg?w=768&h=512&q=60&fm=webp,https://www.autofesa.com/coches-de-ocasion/seat/leon/st-1-5-tgi-dsg-7-xcellence-130cv-5p-iva-deducible-camara-trasera
"Seat Leon ST 1.5 TSI EXCELLENCE 130CV 5P # PARKTRONIC, BLUETOOTH",13650,2019,95800,Gasolina,https://autofesa.imgix.net/1129325.jpg?w=768&h=512&q=60&fm=webp,https://www.autofesa.com/coches-de-ocasion/seat/leon/st-1-5-tsi-excellence-130cv-5p-parktronic-bluetooth
"Seat Tarraco 2.0 TDI 4DRIVE DSG XCELLENCE 5P #TECHO PANORAMICO ELE,NAVY,CAMARA 360",30850,2021,98900,Otros,https://autofesa.imgix.net/1149852.jpg?w=768&h=512&q=60&fm=webp,https://www.autofesa.com/coches-de-ocasion/seat/tarraco/2-0-tdi-4drive-dsg-xcellence-5p-techo-panoramico-ele-navy-camara-360
"Seat Toledo 1.6 TDI STYLE 105CV 5P # NAVY, PARKTRONIC",102509990,2014,95000,Otros,https://autofesa.imgix.net/1144307.jpg?w=768&h=512&q=60&fm=webp,https://www.autofesa.com/coches-de-ocasion/seat/toledo/1-6-tdi-style-105cv-5p-navy-parktronic
Skoda Citigo 1.0 75CV MONTE CARLO 5P # PARKTRONIC,78507450,2014,93000,Gasolina,https://autofesa.imgix.net/1131703.jpg?w=768&h=512&q=60&fm=webp,https://www.autofesa.com/coches-de-ocasion/skoda/citigo/1-0-75cv-monte-carlo-5p-parktronic
Skoda Fabia 1.0 COMBI 75CV 5P S/S # PARKTRONIC,94508900,2018,115398,Gasolina,https://autofesa.imgix.net/1137283.jpg?w=768&h=512&q=60&fm=webp,https://www.autofesa.com/coches-de-ocasion/skoda/fabia/1-0-combi-75cv-5p-s-s-parktronic
Skoda Fabia 1.0 MPI GREENTECH 60CV 5P,7950,2016,125980,Gasolina,https://autofesa.imgix.net/1147088.jpg?w=768&h=512&q=60&fm=webp,https://www.autofesa.com/coches-de-ocasion/skoda/fabia/1-0-mpi-greentech-60cv-5p
"Skoda KAMIQ 1.0 SPORT 110cv 5P # PARKTRONIC, BLUETOOTH",1985016850,2021,54700,Gasolina,https://autofesa.imgix.net/1101012.jpg?w=768&h=512&q=60&fm=webp,https://www.autofesa.com/coches-de-ocasion/skoda/kamiq/1-0-sport-110cv-5p-parktronic-bluetooth
"Skoda KAMIQ 1.0 TSI DSG AMBITION AUTO 110cv 5P # IVA DEDUCIBLE, PARKTRONIC",1795016450,2021,30092,Gasolina,https://autofesa.imgix.net/1100682.jpg?w=768&h=512&q=60&fm=webp,https://www.autofesa.com/coches-de-ocasion/skoda/kamiq/1-0-tsi-dsg-ambition-auto-110cv-5p-iva-deducible-parktronic
"Skoda KAROQ 1.5 TSI Ambition 150cv Auto 5P S/S # IVA DEDUCIBLE, FAROS LED, PARKTRONIC",2035017350,2018,85300,Gasolina,https://autofesa.imgix.net/1029098.jpg?w=768&h=512&q=60&fm=webp,https://www.autofesa.com/coches-de-ocasion/skoda/karoq/1-5-tsi-ambition-150cv-auto-5p-s-s-iva-deducible-faros-led-parktronic
"Skoda Octavia 1.5 TSI 150CV EDITION DSG AUTO 5P # PARKTRONIC,CAMARA TRASERA",17900,2019,66552,Gasolina,https://autofesa.imgix.net/1151001.jpg?w=768&h=512&q=60&fm=webp,https://www.autofesa.com/coches-de-ocasion/skoda/octavia/1-5-tsi-150cv-edition-dsg-auto-5p-parktronic-camara-trasera
"Skoda Rapid/spaceback 1.2 TSI STYLE 110cv 5P # TECHO PANORAMICO, NAVY",108509900,2014,68700,Gasolina,https://autofesa.imgix.net/1120177.jpg?w=768&h=512&q=60&fm=webp,https://www.autofesa.com/coches-de-ocasion/skoda/rapid-spaceback/1-2-tsi-style-110cv-5p-techo-panoramico-navy
Smart Forfour 0.9 90CV PASSION 5P # BLUETOOTH,78507450,2017,134500,Gasolina,https://autofesa.imgix.net/1123462.jpg?w=768&h=512&q=60&fm=webp,https://www.autofesa.com/coches-de-ocasion/smart/forfour/0-9-90cv-passion-5p-bluetooth
Smart Forfour 1.1 75CV 5P # TECHO PANORAMICO,3350,2006,198000,Gasolina,https://autofesa.imgix.net/1150648.jpg?w=768&h=512&q=60&fm=webp,https://www.autofesa.com/coches-de-ocasion/smart/forfour/1-1-75cv-5p-techo-panoramico
"Smart Forfour EQ 82CV 5P AUTO # TECHO PANORAMICO, NAVY, PARKTRONIC",94508990,2016,36400,Otros,https://autofesa.imgix.net/1144331.jpg?w=768&h=512&q=60&fm=webp,https://www.autofesa.com/coches-de-ocasion/smart/forfour/eq-82cv-5p-auto-techo-panoramico-navy-parktronic
"Smart Fortwo COUPE PASSION ELECTRICO AUTO 56cv 3P # NAVY, CUERO",107509950,2018,29500,Otros,https://autofesa.imgix.net/1101314.jpg?w=768&h=512&q=60&fm=webp,https://www.autofesa.com/coches-de-ocasion/smart/fortwo/coupe-passion-electrico-auto-56cv-3p-navy-cuero
"Smart Fortwo EQ ELECTRICO 60KW AUTO 82CV 5P # TECHO ,NAVY,",10790,2020,43300,Otros,https://autofesa.imgix.net/1150667.jpg?w=768&h=512&q=60&fm=webp,https://www.autofesa.com/coches-de-ocasion/smart/fortwo/eq-electrico-60kw-auto-82cv-5p-techo-navy
Ssangyong Rodius RODIUS 270 XDI 165CV 7 PLAZAS 5P # PARKTRONIC,7950,2009,123800,Otros,https://autofesa.imgix.net/1150233.jpg?w=768&h=512&q=60&fm=webp,https://www.autofesa.com/coches-de-ocasion/ssangyong/rodius/rodius-270-xdi-165cv-7-plazas-5p-parktronic
"Subaru Outback 2.5i HEV GAS GLP AUTO EXECUTIVE AWD 175CV 5P # CUERO, TECHO ELEC, PARKTRONIC",21350,2019,119417,Híbrido,https://autofesa.imgix.net/1151930.jpg?w=768&h=512&q=60&fm=webp,https://www.autofesa.com/coches-de-ocasion/subaru/outback/2-5i-hev-gas-glp-auto-executive-awd-175cv-5p-cuero-techo-elec-parktronic
Suzuki ACROSS 2.5 HIBRIDO ENCHUFABLE 1ERE EDITION 4X4 306cv 5P # IVA DEDUCIBLE,3485029900,2021,68800,Híbrido,https://autofesa.imgix.net/1096612.jpg?w=768&h=512&q=60&fm=webp,https://www.autofesa.com/coches-de-ocasion/suzuki/across/2-5-hibrido-enchufable-1ere-edition-4x4-306cv-5p-iva-deducible
Suzuki Celerio 1.0 VVT PRIVILEGE 68CV 5P,7650,2019,118400,Gasolina,https://autofesa.imgix.net/1154211.jpg?w=768&h=512&q=60&fm=webp,https://www.autofesa.com/coches-de-ocasion/suzuki/celerio/1-0-vvt-privilege-68cv-5p
Suzuki Ignis 1.2 DualJet 90cv 5P,107508950,2017,80891,Gasolina,https://autofesa.imgix.net/1069647.jpg?w=768&h=512&q=60&fm=webp,https://www.autofesa.com/coches-de-ocasion/suzuki/ignis/1-2-dualjet-90cv-5p
Suzuki Sx 4 2.0 DDIS 4WD 135cv 5P # BLUETOOTH,97509450,2012,85800,Otros,https://autofesa.imgix.net/1118852.jpg?w=768&h=512&q=60&fm=webp,https://www.autofesa.com/coches-de-ocasion/suzuki/sx-4/2-0-ddis-4wd-135cv-5p-bluetooth
Suzuki Vitara 1.4T GLE AWD HYBRID 140cv 5P # IVA DEDUCIBLE,1785016950,2020,100400,Híbrido,https://autofesa.imgix.net/1114193.jpg?w=768&h=512&q=60&fm=webp,https://www.autofesa.com/coches-de-ocasion/suzuki/vitara/1-4t-gle-awd-hybrid-140cv-5p-iva-deducible
"Toyota Avensis TOURING SPORTS 150D ADVANCE 143CV 5P # TECHO PANORAMICO,NAVY,CAMARA TRASERA",12350,2015,142600,Otros,https://autofesa.imgix.net/1151435.jpg?w=768&h=512&q=60&fm=webp,https://www.autofesa.com/coches-de-ocasion/toyota/avensis/touring-sports-150d-advance-143cv-5p-techo-panoramico-navy-camara-trasera
Toyota Aygo X cross 1.0 VVT-I 72cv 5P #IVA DEDUCIBLE,1635014850,2023,756,Gasolina,https://autofesa.imgix.net/1077906.jpg?w=768&h=512&q=60&fm=webp,https://www.autofesa.com/coches-de-ocasion/toyota/aygo/x-cross-1-0-vvt-i-72cv-5p-iva-deducible
"Toyota C-hr 1.8 125H ADVANCE PLUS 122CV AUTO 5P # NAVY,FAROS LED,CAMARA TRASERA,PARKTRONIC",18350,2018,74600,Híbrido,https://autofesa.imgix.net/1149064.jpg?w=768&h=512&q=60&fm=webp,https://www.autofesa.com/coches-de-ocasion/toyota/c-hr/1-8-125h-advance-plus-122cv-auto-5p-navy-faros-led-camara-trasera-parktronic
"Toyota C-hr 2.0 HYBRID AUTO KAJI EDITION 180CV 5P # NAVY,CUERO,FAROS LED,CAMARA TRASERA",23850,2020,81267,Híbrido,https://autofesa.imgix.net/1150299.jpg?w=768&h=512&q=60&fm=webp,https://www.autofesa.com/coches-de-ocasion/toyota/c-hr/2-0-hybrid-auto-kaji-edition-180cv-5p-navy-cuero-faros-led-camara-trasera
"Toyota Corolla 1.8 125H STYLE TOURING SPORT 122CV AUTO 5P # BOLA REMOLQUE,CAMARA TRASERA",19850,2021,79000,Híbrido,https://autofesa.imgix.net/1146638.jpg?w=768&h=512&q=60&fm=webp,https://www.autofesa.com/coches-de-ocasion/toyota/corolla/1-8-125h-style-touring-sport-122cv-auto-5p-bola-remolque-camara-trasera
"Toyota Corolla 180H HYBRID HEV ADVANCE AUTO 184CV 5P # NAVY, PARKTRONIC",21950,2019,36200,Híbrido,https://autofesa.imgix.net/1153833.jpg?w=768&h=512&q=60&fm=webp,https://www.autofesa.com/coches-de-ocasion/toyota/corolla/180h-hybrid-hev-advance-auto-184cv-5p-navy-parktronic
Toyota Iq 1.0 VVT-I 68cv 5P,6650,2010,105494,Gasolina,https://autofesa.imgix.net/1126422.jpg?w=768&h=512&q=60&fm=webp,https://www.autofesa.com/coches-de-ocasion/toyota/iq/1-0-vvt-i-68cv-5p
"Toyota Prius 1.8 HYBRID DYNAMIC PACK AUTO 136CV 5P # CUERO,NAVY,CAMARA 360",17650,2021,162886,Híbrido,https://autofesa.imgix.net/1148139.jpg?w=768&h=512&q=60&fm=webp,https://www.autofesa.com/coches-de-ocasion/toyota/prius/1-8-hybrid-dynamic-pack-auto-136cv-5p-cuero-navy-camara-360
Toyota Rav 4 2.0 D4D 124CV ACTIVE 4X2 5P,15850,2013,93466,Otros,https://autofesa.imgix.net/1149817.jpg?w=768&h=512&q=60&fm=webp,https://www.autofesa.com/coches-de-ocasion/toyota/rav-4/2-0-d4d-124cv-active-4x2-5p
Toyota Rav 4 2.2 D-CAT AUTO 4WD 150CV 5P # NAVY,11950,2011,188398,Otros,https://autofesa.imgix.net/1152516.jpg?w=768&h=512&q=60&fm=webp,https://www.autofesa.com/coches-de-ocasion/toyota/rav-4/2-2-d-cat-auto-4wd-150cv-5p-navy
Toyota Verso 1.6 VVT-I ACTIVE 132CV 5P # TECHO PANORAMICO,1125010850,2014,105700,Gasolina,https://autofesa.imgix.net/1139717.jpg?w=768&h=512&q=60&fm=webp,https://www.autofesa.com/coches-de-ocasion/toyota/verso/1-6-vvt-i-active-132cv-5p-techo-panoramico
"Toyota Verso 1.8 132CV VVT-I ADVANCE 5P # TECHO PANORAMICO, NAVY",11750,2014,110600,Gasolina,https://autofesa.imgix.net/1137815.jpg?w=768&h=512&q=60&fm=webp,https://www.autofesa.com/coches-de-ocasion/toyota/verso/1-8-132cv-vvt-i-advance-5p-techo-panoramico-navy
Toyota Yaris 1.3 VVT-i 87CV 5P,6250,2007,100394,Gasolina,https://autofesa.imgix.net/1152265.jpg?w=768&h=512&q=60&fm=webp,https://www.autofesa.com/coches-de-ocasion/toyota/yaris/1-3-vvt-i-87cv-5p-2
Volkswagen Amarok 2.0 TDI DOBLE CABINA 122CV 4MOTION TRENDLINE 4P # BLUETOOTH,22450,2013,86500,Otros,https://autofesa.imgix.net/1141369.jpg?w=768&h=512&q=60&fm=webp,https://www.autofesa.com/coches-de-ocasion/volkswagen/amarok/2-0-tdi-doble-cabina-122cv-4motion-trendline-4p-bluetooth
Volkswagen Beetle 1.2 TSI 105CV VINTAGE 3P # TECHO ELECTRICO,12450,2015,108124,Gasolina,https://autofesa.imgix.net/1146221.jpg?w=768&h=512&q=60&fm=webp,https://www.autofesa.com/coches-de-ocasion/volkswagen/beetle/1-2-tsi-105cv-vintage-3p-techo-electrico
Volkswagen e-Golf E-GOLF ePOWER AUTO 115cv 5P# NAVY,1255011350,2015,69300,Otros,https://autofesa.imgix.net/1095559.jpg?w=768&h=512&q=60&fm=webp,https://www.autofesa.com/coches-de-ocasion/volkswagen/e-golf/e-golf-epower-auto-115cv-5p-navy
Volkswagen e-up! ELECTRICO STYLE AUTO 82cv 5P # IVA DEDUCIBLE,1345011950,2020,56000,Otros,https://autofesa.imgix.net/1101178.jpg?w=768&h=512&q=60&fm=webp,https://www.autofesa.com/coches-de-ocasion/volkswagen/e-up/electrico-style-auto-82cv-5p-iva-deducible
"Volkswagen GOLF 1.4 TSI GTE AUTO 204CV 5P # NAVY,FAROS LED,CAMARA TRASERA",2185020850,2020,77600,Híbrido,https://autofesa.imgix.net/1147872.jpg?w=768&h=512&q=60&fm=webp,https://www.autofesa.com/coches-de-ocasion/volkswagen/golf-1-4-tsi-gte-auto-204cv-5p-navy-faros-led-camara-trasera/1-4-tsi-gte-auto-204cv-5p-navy-faros-led-camara-trasera
"Volkswagen Golf 2.0 TDI SPORT 150CV AUTO DSG7 3P # NAVY,PARKTRONIC,CAMARA",1435012950,2018,166900,Otros,https://autofesa.imgix.net/1128749.jpg?w=768&h=512&q=60&fm=webp,https://www.autofesa.com/coches-de-ocasion/volkswagen/golf/2-0-tdi-sport-150cv-auto-dsg7-3p-navy-parktronic-camara
"Volkswagen Golf 2.0 TSI GTI PERFORMANCE DSG AUTO 245CV 3P # NAVY, PARKTRONIC",23450,2018,63900,Gasolina,https://autofesa.imgix.net/1153793.jpg?w=768&h=512&q=60&fm=webp,https://www.autofesa.com/coches-de-ocasion/volkswagen/golf/2-0-tsi-gti-performance-dsg-auto-245cv-3p-navy-parktronic
"Volkswagen Passat 1.4 TSI GTE Hibrido Enchufable Auto 218cv 4P # IVA DEDUCIBLE,NAVY,FAROS LED,",2185018850,2018,98064,Híbrido,https://autofesa.imgix.net/1072121.jpg?w=768&h=512&q=60&fm=webp,https://www.autofesa.com/coches-de-ocasion/volkswagen/passat/1-4-tsi-gte-hibrido-enchufable-auto-218cv-4p-iva-deducible-navy-faros-led
Volkswagen Passat 1.6 TDI EDITION BMT 105cv 4P # START/STOP,107509450,2011,89000,Otros,https://autofesa.imgix.net/1093953.jpg?w=768&h=512&q=60&fm=webp,https://www.autofesa.com/coches-de-ocasion/volkswagen/passat/1-6-tdi-edition-bmt-105cv-4p-start-stop
Volkswagen Passat 1.9 TDI 130CV 4P,2650,2005,328000,Otros,https://autofesa.imgix.net/1153073.jpg?w=768&h=512&q=60&fm=webp,https://www.autofesa.com/coches-de-ocasion/volkswagen/passat/1-9-tdi-130cv-4p
"Volkswagen Passat VARIANT 2.0 TDI R-LINE DSG AUTO 150CV 5P #CUERO, NAVY,PARKTRONIC",23850,2020,107800,Otros,https://autofesa.imgix.net/1153502.jpg?w=768&h=512&q=60&fm=webp,https://www.autofesa.com/coches-de-ocasion/volkswagen/passat/variant-2-0-tdi-r-line-dsg-auto-150cv-5p-cuero-navy-parktronic
"Volkswagen Sharan 1.4 TSI COMFORT LINE 150CV 7 PLAZAS 5P # NAVY,PARKTRONIC",15850,2012,130200,Gasolina,https://autofesa.imgix.net/1139521.jpg?w=768&h=512&q=60&fm=webp,https://www.autofesa.com/coches-de-ocasion/volkswagen/sharan/1-4-tsi-comfort-line-150cv-7-plazas-5p-navy-parktronic
"Volkswagen Sharan 2.0 TDI 177CV ASG 7PLAZAS AUTO SPORT 5P S/S # IVA DEDUCIBLE, TECHO ELE PANORAMICO, NAVY",17750,2015,148500,Otros,https://autofesa.imgix.net/1140955.jpg?w=768&h=512&q=60&fm=webp,https://www.autofesa.com/coches-de-ocasion/volkswagen/sharan/2-0-tdi-177cv-asg-7plazas-auto-sport-5p-s-s-iva-deducible-techo-ele-panoramico-navy
"Volkswagen Tiguan LIFE 2.0TDI DSG 150CV AUTO 5P S/S # IVA DEDUCIBLE, NAVY, FAROS LED",2965027950,2021,32800,Otros,https://autofesa.imgix.net/1141701.jpg?w=768&h=512&q=60&fm=webp,https://www.autofesa.com/coches-de-ocasion/volkswagen/tiguan/life-2-0tdi-dsg-150cv-auto-5p-s-s-iva-deducible-navy-faros-led
"Volkswagen TOURAN 1.4 TSI 150CV DSG CONFORTLINE 5P # NAVY,PARKTRONIC",17450,2016,82734,Gasolina,https://autofesa.imgix.net/1145133.jpg?w=768&h=512&q=60&fm=webp,https://www.autofesa.com/coches-de-ocasion/volkswagen/touran-1-4-tsi-150cv-dsg-confortline-5p-navy-parktronic/1-4-tsi-150cv-dsg-confortline-5p-navy-parktronic
Volkswagen Up! 1.0 MOVE 75CV 5P,6850,2015,135369,Gasolina,https://autofesa.imgix.net/1150944.jpg?w=768&h=512&q=60&fm=webp,https://www.autofesa.com/coches-de-ocasion/volkswagen/up/1-0-move-75cv-5p
Volkswagen Up! 1.0 MOVE UP 60CV 5P # PARKTRONIC,9650,2016,45029,Gasolina,https://autofesa.imgix.net/1145015.jpg?w=768&h=512&q=60&fm=webp,https://www.autofesa.com/coches-de-ocasion/volkswagen/up/1-0-move-up-60cv-5p-parktronic
Volvo C70 2.0 MOMENTUM D3 AUTO 150cv 2P # PARKTRONIC,1390013500,2012,131100,Otros,https://autofesa.imgix.net/1091480.jpg?w=768&h=512&q=60&fm=webp,https://www.autofesa.com/coches-de-ocasion/volvo/c70/2-0-momentum-d3-auto-150cv-2p-parktronic
"Volvo S60 2.0 D3 R-DESIGN AUTO 150CV 4P # NAVY,XENON,PARKTRONIC",17850,2016,111341,Otros,https://autofesa.imgix.net/1145264.jpg?w=768&h=512&q=60&fm=webp,https://www.autofesa.com/coches-de-ocasion/volvo/s60/2-0-d3-r-design-auto-150cv-4p-navy-xenon-parktronic
"Volvo S90 D3 2.0 MOMENTUM 150CV AUTO 4P # NAVY, CUERO",2545023850,2020,104100,Otros,https://autofesa.imgix.net/1134332.jpg?w=768&h=512&q=60&fm=webp,https://www.autofesa.com/coches-de-ocasion/volvo/s90/d3-2-0-momentum-150cv-auto-4p-navy-cuero
"Volvo V40 2.0 CROSS COUNTRY T3 AUTO 152CV 5P # TECHO PANORAMICO, CUERO, NAVY",1935017850,2019,91000,Gasolina,https://autofesa.imgix.net/1080662.jpg?w=768&h=512&q=60&fm=webp,https://www.autofesa.com/coches-de-ocasion/volvo/v40/2-0-cross-country-t3-auto-152cv-5p-techo-panoramico-cuero-navy
"Volvo V40 2.0 T2 R-DESIGN 122CV 5P # CUERO,",12500,2016,169000,Gasolina,https://autofesa.imgix.net/1147392.jpg?w=768&h=512&q=60&fm=webp,https://www.autofesa.com/coches-de-ocasion/volvo/v40/2-0-t2-r-design-122cv-5p-cuero
"Volvo V40 CROSS COUNTRY 1.5 T3 AUTO 152CV 5P # TECHO PANORAMICO,NAVY,CAMARA TRASERA",16350,2016,60500,Gasolina,https://autofesa.imgix.net/1146406.jpg?w=768&h=512&q=60&fm=webp,https://www.autofesa.com/coches-de-ocasion/volvo/v40/cross-country-1-5-t3-auto-152cv-5p-techo-panoramico-navy-camara-trasera
Volvo V40 CROSS COUNTRY 1.6 D2 KINETIC 114CV 5P,11850,2014,133200,Otros,https://autofesa.imgix.net/1151703.jpg?w=768&h=512&q=60&fm=webp,https://www.autofesa.com/coches-de-ocasion/volvo/v40/cross-country-1-6-d2-kinetic-114cv-5p
Volvo V40 CROSS COUNTRY 2.0 D3 150cv 5P # NAVY,1295012450,2014,140900,Otros,https://autofesa.imgix.net/1106136.jpg?w=768&h=512&q=60&fm=webp,https://www.autofesa.com/coches-de-ocasion/volvo/v40/cross-country-2-0-d3-150cv-5p-navy
"Volvo V60 V60 2.0 D3 MOMENTUM 150CV 5P # IVA DEDUCIBLE,NAVY,CUERO,FAROS LED,PARLKTRONIC",1545014650,2019,234200,Otros,https://autofesa.imgix.net/1143884.jpg?w=768&h=512&q=60&fm=webp,https://www.autofesa.com/coches-de-ocasion/volvo/v60/v60-2-0-d3-momentum-150cv-5p-iva-deducible-navy-cuero-faros-led-parlktronic
"Volvo V90 2.0 T6 AWD Recharge Inscription 340cv Auto 5P # IVA DEDUCIBLE, NAVY, CUERO, TECHO ELECTRICO PANORAMICO, FAROS LED, CAMARA 360",4235036450,2022,73000,Híbrido,https://autofesa.imgix.net/1023702.jpg?w=768&h=512&q=60&fm=webp,https://www.autofesa.com/coches-de-ocasion/volvo/v90/2-0-t6-awd-recharge-inscription-340cv-auto-5p-iva-deducible-navy-cuero-techo-electrico-panoramico-faros-led-camara-360
"Volvo Xc 60 2.0 D4 INSCRIPTION 190CV AUTO 2WD 5P # TECHO PANORAMICO ELE,NAVY,CUERO,PARKTRONIC",26450,2019,141240,Otros,https://autofesa.imgix.net/1150478.jpg?w=768&h=512&q=60&fm=webp,https://www.autofesa.com/coches-de-ocasion/volvo/xc-60/2-0-d4-inscription-190cv-auto-2wd-5p-techo-panoramico-ele-navy-cuero-parktronic
"Volvo Xc 60 2.0 T6 AWD 390CV RECHARGE INSCRIPTION EXP AUTO AWD 5P # IVA DEDUCIBLE,TECHO PANORAMICO ELE,CUERO",30650,2021,84800,Híbrido,https://autofesa.imgix.net/1150055.jpg?w=768&h=512&q=60&fm=webp,https://www.autofesa.com/coches-de-ocasion/volvo/xc-60/2-0-t6-awd-390cv-recharge-inscription-exp-auto-awd-5p-iva-deducible-techo-panoramico-ele-cuero
"Volvo Xc 60 2.0 T6 AWD RECHARGE R-DESIGN EXP AUTO 390CV 5P # IVA DEDUCIBLE,TECHO PANORAMICO ELE,NAVY",30450,2021,105819,Híbrido,https://autofesa.imgix.net/1149510.jpg?w=768&h=512&q=60&fm=webp,https://www.autofesa.com/coches-de-ocasion/volvo/xc-60/2-0-t6-awd-recharge-r-design-exp-auto-390cv-5p-iva-deducible-techo-panoramico-ele-navy
"Volvo Xc 60 2.0 T8 HIBRIDO ENCHUFABLE 408CV BUSINESS PLUS AWD AUTO 5P # IVA DEDUCIBLE, TECHO ELE PANORAMICO, NAVY",3490033500,2020,62800,Híbrido,https://autofesa.imgix.net/1136642.jpg?w=768&h=512&q=60&fm=webp,https://www.autofesa.com/coches-de-ocasion/volvo/xc-60/2-0-t8-hibrido-enchufable-408cv-business-plus-awd-auto-5p-iva-deducible-techo-ele-panoramico-navy
"Volvo Xc 60 2.4 D AUTO SUMMUM 175CV 5P # CUERO, TECHO ELECT, NAVY,PARKTRONIC",12950,2010,173607,Otros,https://autofesa.imgix.net/1152999.jpg?w=768&h=512&q=60&fm=webp,https://www.autofesa.com/coches-de-ocasion/volvo/xc-60/2-4-d-auto-summum-175cv-5p-cuero-techo-elect-navy-parktronic
"Volvo Xc 90 2.0T8 RECHARGE R-DESIGN 390CV AUTO 7 PLAZAS 5P # IVA DEDUCIBLE, TECHO ELE PANORAMICO, NAVY, CUERO",46500,2021,76500,Híbrido,https://autofesa.imgix.net/1123662.jpg?w=768&h=512&q=60&fm=webp,https://www.autofesa.com/coches-de-ocasion/volvo/xc-90/2-0t8-recharge-r-design-390cv-auto-7-plazas-5p-iva-deducible-techo-ele-panoramico-navy-cuero
"Volvo Xc 90 2.4D 2WD AUTO MOMENTUM 163CV 7 PLAZAS 5P #CUERO, PARKTRONIC",18450,2012,99600,Otros,https://autofesa.imgix.net/1152003.jpg?w=768&h=512&q=60&fm=webp,https://www.autofesa.com/coches-de-ocasion/volvo/xc-90/2-4d-2wd-auto-momentum-163cv-7-plazas-5p-cuero-parktronic
"Volvo XC40 1.5 T4 RECHARGE INSCRIPTION 211CV 4X2 AUTO 5P # IVA DEDUCIBLE,",27350,2021,41017,Híbrido,https://autofesa.imgix.net/1149535.jpg?w=768&h=512&q=60&fm=webp,https://www.autofesa.com/coches-de-ocasion/volvo/xc40/1-5-t4-recharge-inscription-211cv-4x2-auto-5p-iva-deducible
"Volvo XC60 D4 163CV MOMENTUM AUTO 5P # PARKTRONIC, BLUETOOTH",1635015950,2013,119400,Otros,https://autofesa.imgix.net/1143326.jpg?w=768&h=512&q=60&fm=webp,https://www.autofesa.com/coches-de-ocasion/volvo/xc60-d4-163cv-momentum-auto-5p-parktronic-bluetooth/d4-163cv-momentum-auto-5p-parktronic-bluetooth
